Name,Count
Crop Rotation,1
Daze,1
Heat Shimmer,1
Cryptic Command,1
Bitterblossom,1
Door of Destinies,1
Painter's Servant,1
Bloom Tender,1
Maelstrom Pulse,1
Ornithopter,1
Creeping Tar Pit,1
Mortarpod,1
Think Twice,1
Thespian's Stage,1
Bident of Thassa,1
Defiant Strike,1
Feat of Resistance,1
Venerable Lammasu,1
Glacial Stalker,1
Monastery Flock,1
Mystic of the Hidden Way,1
Riverwheel Aerialists,1
Disowned Ancestor,1
Grim Haruspex,1
Arrow Storm,1
Shatter,1
Deflecting Palm,1
Icefeather Aven,1
Kheru Lich Lord,1
Master the Way,1
Rakshasa Deathdealer,1
Sultai Ascendancy,1
Villainous Wealth,1
Abzan Banner,1
Lens of Clarity,1
Hangarback Walker,1
Tireless Tracker,1
Smuggler's Copter,1
Goring Ceratops,1
Settle the Wreckage,1
Overflowing Insight,1
Storm Fleet Spy,1
Queen's Agent,1
Ruin Raider,1
Brazen Buccaneers,1
Commune with Dinosaurs,1
Ranging Raptors,1
Snapping Sailback,1
"Gishath, Sun's Avatar",1
Cobbled Wings,1
Gilded Sentinel,1
Dusk Legion Zealot,1
Brass's Bounty,1
Rekindling Phoenix,1
Shatter,1
Thrashing Brontodon,1
World Shaper,1
Forsaken Sanctuary,1
Cinder Barrens,1
"Kwende, Pride of Femeref",1
Lyra Dawnbringer,1
Divination,1
"Yargle, Glutton of Urborg",1
"Traxos, Scourge of Kroog",1
"Ajani, Adversary of Tyrants",1
Angel of the Dawn,1
Inspired Charge,1
Loxodon Line Breaker,1
Make a Stand,1
Revitalize,1
Aven Wind Mage,1
Divination,1
Dwindle,1
Frilled Sea Serpent,1
Gearsmith Prodigy,1
Ghostform,1
One with the Machine,1
Scholar of Stars,1
Skilled Animator,1
Sleep,1
Uncomfortable Chill,1
Death Baron,1
Doomed Dissenter,1
Infernal Scarring,1
Lich's Caress,1
Phylactery Lich,1
Stitcher's Supplier,1
Two-Headed Zombie,1
Vampire Sovereign,1
Goblin Trashmaster,1
Havoc Devils,1
Smelt,1
Tectonic Rift,1
Volcanic Dragon,1
Daggerback Basilisk,1
Declare Dominance,1
Druid of Horns,1
Talons of Wildwood,1
Thornhide Wolves,1
Wall of Vines,1
Draconic Disciple,1
Regal Bloodlord,1
Field Creeper,1
Gargoyle Sentinel,1
Manalith,1
Marauder's Axe,1
Suspicious Bookcase,1
Cinder Barrens,1
Detection Tower,1
Forsaken Sanctuary,1
Nexus of Fate,1
Angelic Guardian,1
Immortal Phoenix,1
Murmuring Mystic,1
Dead Weight,1
District Guide,1
Assassin's Trophy,1
Thousand-Year Storm,1
Overgrown Tomb,1
Steam Vents,1
Temple Garden,1
Spiritual Guardian,1
Confront the Assault,1
Loxodon Line Breaker,1
Volcanic Dragon,1
Overflowing Insight,1
Divination,1
Seismic Rupture,1
Angelic Reward,1
Cruel Cut,1
Sky Tether,1
Syndicate Messenger,1
Arrester's Admonition,1
Chillbringer,1
Code of Constraint,1
Faerie Duelist,1
Humongulus,1
Persistent Petitioners,1
Pteramander,1
Quench,1
Shimmer of Possibility,1
Slimebind,1
Thought Collapse,1
Verity Circle,1
Bankrupt in Blood,1
Blade Juggler,1
Cry of the Carnarium,1
Dead Revels,1
Debtors' Transport,1
Ill-Gotten Inheritance,1
Pestilent Spirit,1
Rakdos Trumpeter,1
Thirsting Shade,1
Burning-Tree Vandal,1
Feral Maaka,1
Flames of the Raze-Boar,1
Ghor-Clan Wrecker,1
Mirror March,1
Rubble Reading,1
Axebane Beast,1
Biogenic Upgrade,1
End-Raze Forerunners,1
Gatebreaker Ram,1
Gift of Strength,1
Territorial Boar,1
Absorb,1
Aeromunculus,1
Azorius Knight-Arbiter,1
Bolrac-Clan Crusher,1
"Domri, Chaos Bringer",1
Frenzied Arynx,1
Grasping Thrull,1
Growth Spiral,1
High Alert,1
Imperious Oligarch,1
"Judith, the Scourge Diva",1
Rafter Demon,1
Rakdos Roustabout,1
Footlight Fiend,1
Incubation // Incongruity,1
Gate Colossus,1
Junktroller,1
Orzhov Locket,1
Rakdos Locket,1
Scrabbling Claws,1
Godless Shrine,1
Bond of Discipline,1
Defiant Strike,1
Ob Nixilis's Cruelty,1
Return to Nature,1
Dreadhorde Butcher,1
Tyrant's Scorn,1
Blast Zone,1
Inspired Charge,1
Frilled Sea Serpent,1
Leyline of the Void,1
Tectonic Rift,1
Thrashing Brontodon,1
Veil of Summer,1
Marauder's Axe,1
Lotus Field,1
Temple of Epiphany,1
Temple of Malady,1
Temple of Mystery,1
Temple of Silence,1
Temple of Triumph,1
Angelic Guardian,1
Immortal Phoenix,1
Volcanic Dragon,1
Prized Unicorn,1
Beloved Princess,1
Charming Prince,1
"Syr Alin, the Lion's Claw",1
So Tiny,1
Unexplained Vision,1
Vantress Paladin,1
Witching Well,1
Barrow Witches,1
Cauldron Familiar,1
Foreboding Fruit,1
Forever Young,1
Locthwain Paladin,1
Lost Legion,1
Memory Theft,1
Murderous Rider,1
Order of Midnight,1
Smitten Swordmaster,1
Specter's Shriek,1
Embercleave,1
Joust,1
Rimrock Knight,1
Fierce Witchstalker,1
Insatiable Appetite,1
Return to Nature,1
Wildborn Preserver,1
Henge Walker,1
Jousting Dummy,1
Weapon Rack,1
Castle Garenbrig,1
Gingerbread Cabin,1
Idyllic Grange,1
"Kenrith, the Returned King",1
Careless Celebrant,1
Gift of Strength,1
Nyxbloom Ancient,1
Return to Nature,1
Temple of Abandon,1
Temple of Deceit,1
Temple of Enlightenment,1
Temple of Malice,1
Temple of Plenty,1
Gust of Wind,1
Dead Weight,1
Extinction Event,1
Back for More,1
Inspired Ultimatum,1
"Kinnan, Bonder Prodigy",1
Ranger-Captain of Eos,1
"Urza, Lord High Artificer",1
Goatnap,1
Defiant Strike,1
Feat of Resistance,1
Revitalize,1
Bad Deal,1
Infernal Scarring,1
Massacre Wurm,1
Chandra's Incinerator,1
Volcanic Geyser,1
Heroic Intervention,1
Llanowar Visionary,1
Return to Nature,1
Scavenging Ooze,1
Thrashing Brontodon,1
Temple of Epiphany,1
Temple of Malady,1
Temple of Mystery,1
Temple of Silence,1
Temple of Triumph,1
Thriving Bluff,1
Thriving Grove,1
Thriving Heath,1
Thriving Isle,1
Cloudshift,1
Inspired Charge,1
Sky Tether,1
Thought Collapse,1
Blood Artist,1
Bone Picker,1
Cauldron Familiar,1
Eternal Thirst,1
Gifted Aetherborn,1
Languish,1
Phyrexian Gargantua,1
Phyrexian Rager,1
Flames of the Raze-Boar,1
"Krenko, Mob Boss",1
Commune with Dinosaurs,1
Elvish Archdruid,1
Wall of Vines,1
Zendikar's Roil,1
Gargoyle Sentinel,1
Guardian Idol,1
Jousting Dummy,1
Marauder's Axe,1
Prophetic Prism,1
Suspicious Bookcase,1
Sejiri Shelter,1
Jwari Disruption,1
Nullpriest of Oblivion,1
Akoum Warrior,1
Khalni Ambush,1
Nissa's Zendikon,1
Compulsory Rest,1
Bone Picker,1
Doomed Dissenter,1
Vizier of the Menagerie,1
Goblin Oriflamme,1
Revitalize,1
Immersturm Predator,1
"Kardur, Doomscourge",1
Sulfurous Mire,1
Angelic Guardian,1
Angelic Reward,1
Bond of Discipline,1
Confront the Assault,1
Goring Ceratops,1
Loxodon Line Breaker,1
Spiritual Guardian,1
Frilled Sea Serpent,1
Overflowing Insight,1
Sleep,1
Bad Deal,1
Cruel Cut,1
Eternal Thirst,1
Nightmare,1
Goblin Trashmaster,1
Immortal Phoenix,1
Volcanic Dragon,1
Epic Proportions,1
Prized Unicorn,1
World Shaper,1
Fumigate,1
Inspired Charge,1
Whir of Invention,1
Gifted Aetherborn,1
Heroic Intervention,1
Ornithopter,1
Prophetic Prism,1
Self-Assembler,1
Clattering Augur,1
Drossforge Bridge,1
Crackle with Power,1
Expressive Iteration,1
Ornithopter of Paradise,1
Arid Mesa,1
Misty Rainforest,1
Scalding Tarn,1
Shambling Ghast,1
Defiant Strike,1
Revitalize,1
Growth Spiral,1
Lightning Helix,1
Vampiric Tutor,1
Infernal Grasp,1
Morbid Opportunist,1
Burn Down the House,1
Return to Nature,1
Unnatural Growth,1
Fierce Retribution,1
Doomed Dissenter,1
Fell Stinger,1
Persistent Specimen,1
Undead Butler,1
"Halana and Alena, Partners",1
Shattered Sanctum,1
Stormcarved Coast,1
Return to the Ranks,1
Insatiable Gorgers,1
Harrow,1
Khalni Garden,1
Boneyard Aberration,1
Gravelighter,1
"Junji, the Midnight Sky",1
Circuit Mender,1
Night Clubber,1
Tenacious Underdog,1
Big Score,1
Involuntary Employment,1
Pugnacious Pugilist,1
Riveteers Requisitioner,1
Suspicious Bookcase,1
Maestros Theater,1
Riveteers Overlook,1
Tramway Station,1
A-Blood Artist,1
Guildsworn Prowler,1
Shambling Ghast,1
Prophetic Prism,1
Cult Conscript,1
Phyrexian Rager,1
"Rona, Sheoldred's Faithful",1
Geothermal Bog,1
Loran of the Third Path,1
Union of the Third Path,1
Warlord's Elite,1
Tocasia's Onulet,1
Veteran's Powerblade,1
Air Marshal,1
Desynchronize,1
Mightstone's Animation,1
Stern Lesson,1
"Gix, Yawgmoth Praetor",1
Gix's Caress,1
Kill-Zone Acrobat,1
Thraxodemon,1
Dredging Claw,1
Transmogrant's Crown,1
Dwarven Forge-Chanter,1
Argothian Sprite,1
Shoot Down,1
Blast Zone,1
Bone Saw,1
Howling Mine,1
Liquimetal Coating,1
Ornithopter,1
Self-Assembler,1
Swiftfoot Boots,1
A-Cauldron Familiar,1
A-Cauldron Familiar,1
A-Guildsworn Prowler,1
Against All Odds,1
Duelist of Deep Faith,1
Indoctrination Attendant,1
Orthodoxy Enforcer,1
Gitaxian Anatomist,1
Glistener Seer,1
Ichor Synthesizer,1
Meldweb Curator,1
Mesmerizing Dose,1
Mindsplice Apparatus,1
"Unctus, Grand Metatect",1
Annihilating Glare,1
Black Sun's Twilight,1
Axiom Engraver,1
Forgehammer Centurion,1
Sawblade Scamp,1
Skyscythe Engulfer,1
Sylvok Battle-Chair,1
Thirsting Roots,1
"Thrun, Breaker of Silence",1
Venerated Rotpriest,1
Cinderslash Ravager,1
"Ovika, Enigma Goliath",1
Slaughter Singer,1
Vivisection Evangelist,1
Dross Skullbomb,1
Prophetic Prism,1
The Fair Basilica,1
The Surgical Bay,1
By Elspeth's Command,1
Tawnos Endures,1
Hurkyl's Prodigy,1
Kayla's Kindling,1
Legion of Clay,1
Sylvan Smite,1
Argivian Welcome,1
Great Desert Hellion,1
"Richlau, Headmaster",1
Yotian Courier,1
Alabaster Host Intercessor,1
Enduring Bondwarden,1
Inspired Charge,1
Phyrexian Censor,1
Scrollshift,1
Seal from Existence,1
Sigiled Sentinel,1
Sun-Blessed Guardian,1
See Double,1
Final Flourish,1
Phyrexian Gargantua,1
Tenured Oilcaster,1
Burning Sun's Fury,1
Into the Fire,1
Invasion of Mercadia,1
Marauding Dreadship,1
Crystal Carapace,1
Vengeant Earth,1
War Historian,1
Hidetsugu and Kairi,1
Eagles of the North,1
Eastfarthing Farmer,1
Escape from Orthanc,1
Fog on the Barrow-Downs,1
Reprieve,1
Soldier of the Grey Host,1
The Bath Song,1
Bewitching Leechcraft,1
Deceive the Messenger,1
Orcish Medicine,1
Shelob's Ambush,1
Hew the Entwood,1
Improvised Club,1
Bombadil's Song,1
Brandywine Farmer,1
Elven Farsight,1
Gift of Strands,1
Long List of the Ents,1
Many Partings,1
Shower of Arrows,1
Arwen Undómiel,1
"Éowyn, Fearless Knight",1
Gwaihir the Windlord,1
"Shagrat, Loot Bearer",1
"Théoden, King of Rohan",1
Spark Rupture,1
Vesuvan Drifter,1
Undercity Upheaval,1
"Samut, Vizier of Naktamun",1
"Kenrith, the Returned King",1
"Kwende, Pride of Femeref",1
"Yargle, Glutton of Urborg",1
"Aurelia, the Warleader",1
"Imoti, Celebrant of Bounty",1
"Judith, the Scourge Diva",1
"Rona, Sheoldred's Faithful",1
"Taigam, Ojutai Master",1
"Gisela, the Broken Blade",1
Puncturing Light,1
Compelling Deterrence,1
Ongoing Investigation,1
Certain Death,1
Dead Weight,1
Morkrut Necropod,1
Olivia's Bloodsworn,1
Olivia's Dragoon,1
Blood Mist,1
Ember-Eye Wolf,1
Insatiable Gorgers,1
Crawling Sensation,1
Thornhide Wolves,1
Tireless Tracker,1
Field Creeper,1
Foreboding Ruins,1
Forsaken Sanctuary,1
Fortified Village,1
Feeling of Dread,1
Ghalma the Shaper,1
Norn's Fetchling,1
March Toward Perfection,1
Ichor Aberration,1
Mephidross Slime,1
Skullpiercer Gnat,1
"Vexyr, Ich-Tekik's Heir",1
Bound by Moonsilver,1
Forbidden Alchemy,1
Tragic Slip,1
Brimstone Volley,1
Hollowhenge Scavenger,1
Besotted Knight,1
Discerning Financier,1
Expel the Interlopers,1
Gallant Pie-Wielder,1
Plunge into Winter,1
Regal Bunnicorn,1
Slumbering Keepguard,1
Three Blind Mice,1
Tuinvale Guide,1
Bitter Chill,1
Merfolk Coralsmith,1
Virtue of Knowledge,1
Water Wings,1
Ego Drain,1
Eriette's Whisper,1
Faerie Dreamthief,1
Lich-Knights' Conquest,1
Lord Skitter's Butcher,1
Spiteful Hexmage,1
Tangled Colony,1
Warehouse Tabby,1
Belligerent of the Ball,1
Boundary Lands Ranger,1
Charming Scoundrel,1
Food Fight,1
"Goddric, Cloaked Reveler",1
Hearth Elemental,1
Kindled Heroism,1
Raging Battle Mouse,1
Redcap Gutter-Dweller,1
Redcap Thief,1
Tattered Ratter,1
Torch the Tower,1
Twisted Fealty,1
Two-Headed Hunter,1
Virtue of Courage,1
Graceful Takedown,1
Gruff Triplets,1
The Huntsman's Redemption,1
Night of the Sweets' Revenge,1
Agatha of the Vile Cauldron,1
Eriette of the Charmed Apple,1
"Greta, Sweettooth Scourge",1
"Talion, the Kindly Lord",1
"Yenna, Redtooth Regent",1
Beluna Grandsquall,1
Decadent Dragon,1
Frolicking Familiar,1
"Kellan, the Fae-Blooded",1
Scalding Viper,1
Collector's Vault,1
Hylda's Crown of Winter,1
Prophetic Prism,1
Scarecrow Guide,1
Edgewall Inn,1
Restless Fortress,1
Restless Spire,1
Faerie Slumber Party,1
Wildwood Mentor,1
Copy Enchantment,1
Bitterblossom,1
Dark Tutelage,1
Leyline of the Void,1
Leyline of Lightning,1
Doubling Season,1
Ground Seal,1
Unnatural Growth,1
A-Circuit Mender,1
Kinjalli's Dawnrunner,1
Kutzil's Flanker,1
Quicksand Whirlpool,1
Sanguine Evangelist,1
Unstable Glyphbridge,1
Warden of the Inner Sky,1
"Akal Pakal, First Among Equals",1
Hurl into History,1
Kitesail Larcenist,1
Merfolk Cave-Diver,1
Oaken Siren,1
Shipwreck Sentry,1
Sinuous Benthisaur,1
Song of Stupefaction,1
Unlucky Drop,1
Abyssal Gorestalker,1
"Aclazotz, Deepest Betrayal",1
Dead Weight,1
Grasping Shadows,1
Join the Dead,1
Soulcoil Viper,1
Terror Tide,1
Visage of Dread,1
Belligerent Yearling,1
Bonehoard Dracosaur,1
Calamitous Cave-In,1
Dire Flail,1
Goblin Tomb Raider,1
Idol of the Deep King,1
Trumpeting Carnosaur,1
Zoyowa's Justice,1
Bedrock Tortoise,1
Coati Scavenger,1
Colossadactyl,1
Disturbed Slumber,1
Glowcap Lantern,1
Intrepid Paleontologist,1
Kaslem's Stonetree,1
Malamet Battle Glyph,1
Nurturing Bristleback,1
"Ojer Kaslem, Deepest Growth",1
Pugnacious Hammerskull,1
Sentinel of the Nameless City,1
Thrashing Brontodon,1
Walk with the Ancestors,1
"Abuelo, Ancestral Echo",1
"Akawalli, the Seething Tower",1
"Anim Pakal, Thousandth Moon",1
"Captain Storm, Cosmium Raider",1
Deepfathom Echo,1
"Gishath, Sun's Avatar",1
Palani's Hatcher,1
"Saheeli, the Sun's Brilliance",1
"Uchbenbak, the Great Mistake",1
Wail of the Forgotten,1
Careening Mine Cart,1
Compass Gnome,1
Contested Game Ball,1
Digsite Conservator,1
Hoverstone Pilgrim,1
"Matzalantli, the Great Door",1
Roaming Throne,1
Forgotten Monument,1
Hidden Cataract,1
Hidden Nursery,1
Restless Anchorage,1
Restless Ridgeline,1
Sunken Citadel,1
Runaway Boulder,1
Wayfarer's Bauble,1
Cryptic Command,1
Tragic Slip,1
Tireless Tracker,1
Assemble the Players,1
Doorkeeper Thrull,1
Essence of Antiquity,1
Karlov Watchdog,1
Krovod Haunch,1
No Witnesses,1
Unyielding Gatekeeper,1
Benthic Criminologists,1
Bubble Smuggler,1
Case of the Filched Falcon,1
Crimestopper Sprite,1
Cryptic Coat,1
Dramatic Accusation,1
Forensic Gadgeteer,1
Forensic Researcher,1
Furtive Courier,1
Mistway Spy,1
Out Cold,1
Proft's Eidetic Memory,1
Steamcore Scholar,1
Unauthorized Exit,1
Alley Assailant,1
Deadly Cover-Up,1
Festerleech,1
Macabre Reconstruction,1
Nightdrinker Moroii,1
Outrageous Robbery,1
Polygraph Orb,1
Presumed Dead,1
Repeat Offender,1
Anzrag's Rampage,1
Bolrac-Clan Basher,1
Case of the Burning Masks,1
Connecting the Dots,1
Cornered Crook,1
Expose the Culprit,1
Frantic Scapegoat,1
Knife,1
Rubblebelt Braggart,1
Analyze the Pollen,1
Audience with Trostani,1
Case of the Trampled Garden,1
Greenbelt Radical,1
Hedge Whisperer,1
Loxodon Eavesdropper,1
The Pride of Hull Clade,1
Rope,1
Sharp-Eyed Rookie,1
Tunnel Tipster,1
Vitu-Ghazi Inspector,1
"Alquist Proft, Master Sleuth",1
Assassin's Trophy,1
"Aurelia, the Law Above",1
Doppelgang,1
Evidence Examiner,1
Insidious Roots,1
"Lazav, Wearer of Faces",1
Leyline of the Guildpact,1
Lightning Helix,1
Meddling Youths,1
Rakish Scoundrel,1
Repulsive Mutation,1
Rune-Brand Juggler,1
Soul Search,1
Sumala Sentry,1
"Tolsimir, Midnight's Light",1
Urgent Necropsy,1
Warleader's Call,1
Cease // Desist,1
Fuss // Bother,1
Hustle // Bustle,1
Lumbering Laundry,1
Sanitation Automaton,1
Branch of Vitu-Ghazi,1
Lush Portico,1
Raucous Theater,1
Undercity Sewers,1
Underground Mortuary,1
Case File Auditor,1
Wojek Investigator,1
Surveillance Monitor,1
Clandestine Meddler,1
"Melek, Reforged Researcher",1
Talion's Throneguard,1
Dunbarrow Revivalist,1
Drover of the Swine,1
Porcine Portent,1
Second Little Pig,1
Third Little Pig,1
Radiant Smite,1
Landlore Navigator,1
Dusk's Landing,1
Ribald Shanty,1
Mythweaver Poq,1
Merfolk Tunnel-Guide,1
Mycoid Resurrection,1
Stalwart Speartail,1
Another Round,1
Armored Armadillo,1
Bounding Felidar,1
Bridled Bighorn,1
Claim Jumper,1
Eriette's Lullaby,1
Frontier Seeker,1
Holy Cow,1
Inventive Wingsmith,1
Lassoed by the Law,1
Nurturing Pixie,1
Omenport Vigilante,1
Prosperity Tycoon,1
Wanted Griffin,1
Daring Thunder-Thief,1
Deepmuck Desperado,1
Emergent Haunting,1
Fleeting Reflection,1
Geyser Drake,1
Shifting Grift,1
Slickshot Lockpicker,1
Spring Splasher,1
Step Between Worlds,1
Stoic Sphinx,1
Binding Negotiation,1
Desperate Bloodseeker,1
Rictus Robber,1
Servant of the Stinger,1
Unscrupulous Contractor,1
"Vadmir, New Blood",1
"Calamity, Galloping Inferno",1
Caught in the Crossfire,1
Hell to Pay,1
Hellspur Posse Boss,1
Longhorn Sharpshooter,1
"Magda, the Hoardmaster",1
Prickly Pair,1
Quilled Charger,1
Resilient Roadrunner,1
Beastbond Outcaster,1
Betrayal at the Vault,1
Colossal Rattlewurm,1
Dance of the Tumbleweeds,1
Freestrider Commando,1
Freestrider Lookout,1
Full Steam Ahead,1
Gold Rush,1
Ornery Tumblewagg,1
Outcaster Trailblazer,1
Railway Brawler,1
Raucous Entertainer,1
Trash the Town,1
Tumbleweed Rising,1
Voracious Varmint,1
"Bonny Pall, Clearcutter",1
"Breeches, the Blastmaker",1
"The Gitrog, Ravenous Ride",1
"Jem Lightfoote, Sky Explorer",1
Laughing Jasper Flint,1
"Marchesa, Dealer of Death",1
"Miriam, Herd Whisperer",1
"Oko, the Ringleader",1
Seraphic Steed,1
"Vraska, the Silencer",1
"Wylie Duke, Atiin Hero",1
Bandit's Haul,1
Boom Box,1
Lavaspur Boots,1
Redrock Sentinel,1
Jace Reawakened,1
Bucolic Ranch,1
Morbid Opportunist,1
Collector's Cage,1
Grand Abolisher,1
Generous Plunderer,1
Molten Duplication,1
Lotus Ring,1
Transmutation Font,1
Fomori Vault,1
Fierce Retribution,1
Crackle with Power,1
Thornado,1
Back for More,1
Hindering Light,1
Tyrant's Scorn,1
Villainous Wealth,1
Dust Bowl,1
"Pantlaza, Sun-Favored",1
Snow-Covered Wastes,1
Flusterstorm,1
Sink into Stupor,1
Kozilek's Command,1
Ajani Fells the Godsire,1
Rosecot Knight,1
Tempest Harvester,1
Unfathomable Truths,1
Etherium Pteramander,1
Quest for the Necropolis,1
Refurbished Familiar,1
Mogg Mob,1
Reiterating Bolt,1
Sarpadian Simulacrum,1
Siege Smash,1
Evolution Witness,1
Nightshade Dryad,1
Nyxborn Hydra,1
Thief of Existence,1
Perilous Landscape,1
Snow-Covered Wastes,1
Ugin's Labyrinth,1
Deep Analysis,1
Barbarian Ring,1
Cephalid Coliseum,1
Expressive Iteration,1
A-Mightstone's Animation,1
Mapping the Maze,1
Case of the Market Melee,1
Thought-String Analyst,1
Relics of the Rubblebelt,1
Scour the Scene,1
Runecarved Obelisk,1
Resolute Rejection,1
Intruder's Inquisition,1
Solitary Defiance,1
Cathartic Operation,1
Emperor Apatzec Intli IV,1
Silent Extraction,1
Impetuous Lootmonger,1
Brightblade Stoat,1
Driftgloom Coyote,1
Mabel's Mettle,1
Pileated Provisioner,1
Rabbit Response,1
Salvation Swan,1
Sonar Strike,1
Wax-Wane Witness,1
Bellowing Crier,1
Calamitous Tide,1
"Kitsa, Otterball Elite",1
Long River Lurker,1
Long River's Pull,1
Mindwhisker,1
Plumecreed Escort,1
Skyskipper Duo,1
Splash Lasher,1
Sugar Coat,1
Thought Shucker,1
Thundertrap Trainer,1
Wishing Well,1
Agate-Blade Assassin,1
Coiling Rebirth,1
Cruelclaw's Heist,1
Diresight,1
Downwind Ambusher,1
Early Winter,1
Glidedive Duo,1
Hazel's Nocturne,1
Huskburster Swarm,1
Nocturnal Hunger,1
Persistent Marshstalker,1
Thornplate Intimidator,1
"Wick, the Whorled Mind",1
Wick's Patrol,1
Agate Assault,1
Artist's Talent,1
Byway Barterer,1
Coruscation Mage,1
Festival of Embers,1
Harnesser of Storms,1
Hearthborn Battler,1
Kindlespark Duo,1
Might of the Meek,1
Rabid Gnaw,1
Raccoon Rallier,1
Reptilian Recruiter,1
Roughshod Duo,1
Sazacap's Brew,1
Season of the Bold,1
Take Out the Trash,1
Bark-Knuckle Boxer,1
Clifftop Lookout,1
Curious Forager,1
Druid of the Spade,1
Fecund Greenshell,1
Galewind Moose,1
Heaped Harvest,1
High Stride,1
Hivespine Wolverine,1
Honored Dreyleader,1
Hunter's Talent,1
Keen-Eyed Curator,1
Pawpatch Formation,1
Pawpatch Recruit,1
Scrapshooter,1
Season of Gathering,1
Stickytongue Sentinel,1
Tender Wildguide,1
Thornvault Forager,1
Three Tree Rootweaver,1
Treetop Sentries,1
Valley Mightcaller,1
Wear Down,1
Burrowguard Mentor,1
"Camellia, the Seedmiser",1
"Finneas, Ace Archer",1
"Glarb, Calamity's Augur",1
"Kastral, the Windcrested",1
Mind Drill Assailant,1
Moonrise Cleric,1
Seedglaive Mentor,1
Seedpod Squire,1
Starseer Mentor,1
Stormcatch Mentor,1
Veteran Guardmouse,1
Vinereap Mentor,1
Wandertale Mentor,1
Barkform Harvester,1
Tangle Tumbler,1
Three Tree Mascot,1
Lilypad Village,1
Lupinflower Village,1
"Ishai, Ojutai Dragonspeaker",1
Snow-Covered Wastes,1
Dazzling Theater // Prop Room,1
Fear of Abduction,1
Fear of Immobility,1
Ghostly Dancers,1
Hardened Escort,1
Living Phone,1
Orphans of the Wheat,1
Savior of the Small,1
Seized from Slumber,1
Splitskin Doll,1
Surgical Suite // Hospital Room,1
Unwanted Remake,1
Abhorrent Oculus,1
Bottomless Pool // Locker Room,1
Creeping Peeper,1
Cursed Windbreaker,1
Daggermaw Megalodon,1
Entity Tracker,1
Fear of Failed Tests,1
Leyline of Transformation,1
Meat Locker // Drowned Diner,1
Piranha Fly,1
Stalked Researcher,1
The Tale of Tamiyo,1
Underwater Tunnel // Slimy Aquarium,1
Unnerving Grasp,1
Vanish from Sight,1
Cynical Loner,1
Dashing Bloodsucker,1
Doomsday Excruciator,1
Fear of Lost Teeth,1
Give In to Violence,1
Killer's Mask,1
Leyline of the Void,1
Miasma Demon,1
Overlord of the Balemurk,1
Resurrected Cultist,1
Sporogenic Infection,1
"Valgavoth, Terror Eater",1
Vile Mutilator,1
Bedhead Beastie,1
Chainsaw,1
Charred Foyer // Warped Space,1
Cursed Recording,1
Glassworks // Shattered Yard,1
Hand That Feeds,1
Impossible Inferno,1
Most Valuable Slayer,1
"Norin, Swift Survivalist",1
The Rollercrusher Ride,1
Turn Inside Out,1
Untimely Malfunction,1
"Altanak, the Thrice-Called",1
Enduring Vitality,1
Fear of Exposure,1
Frantic Strength,1
Hauntwoods Shrieker,1
Hedge Shredder,1
House Cartographer,1
Leyline of Mutation,1
Manifest Dread,1
Moldering Gym // Weight Room,1
Spineseeker Centipede,1
Valgavoth's Onslaught,1
Wary Watchdog,1
Beastie Beatdown,1
Broodspinner,1
Fear of Infinity,1
Growing Dread,1
Inquisitive Glimmer,1
Intruding Soulrager,1
The Jolly Balloon Man,1
Midnight Mayhem,1
"Niko, Light of Hope",1
Peer Past the Veil,1
Restricted Office // Lecture Hall,1
Roaring Furnace // Steaming Sauna,1
Sawblade Skinripper,1
Shrewd Storyteller,1
Smoky Lounge // Misty Salon,1
Undead Sprinter,1
Attack-in-the-Box,1
Ghost Vacuum,1
Glimmerlight,1
Keys to the House,1
Saw,1
Blazemire Verge,1
Etched Cornfield,1
Hushwood Verge,1
Lakeside Shack,1
Neglected Manor,1
Peculiar Lighthouse,1
Raucous Carnival,1
Damnation,1
Murmuring Mystic,1
Uncomfortable Chill,1
Shambling Ghast,1
Biogenic Upgrade,1
Ornithopter of Paradise,1
Doomed Dissenter,1
Infernal Grasp,1
Morbid Opportunist,1
Morkrut Necropod,1
Nullpriest of Oblivion,1
Persistent Specimen,1
Tragic Slip,1
Undead Butler,1
Deep Analysis,1
Gust of Wind,1
Overflowing Insight,1
Slimebind,1
Thoughtcast,1
Witching Well,1
Commune with Dinosaurs,1
Elvish Archdruid,1
Fierce Witchstalker,1
Grazing Gladehart,1
Harrow,1
Insatiable Appetite,1
Llanowar Visionary,1
Thrashing Brontodon,1
Tireless Tracker,1
Guardian Idol,1
Prophetic Prism,1
Thriving Bluff,1
Thriving Grove,1
Thriving Heath,1
Thriving Isle,1
"Ajani, Adversary of Tyrants",1
Defiant Strike,1
Make a Stand,1
Revitalize,1
Storm Fleet Spy,1
Death Baron,1
Goblin Oriflamme,1
Biogenic Upgrade,1
Thrashing Brontodon,1
Celestial Armor,1
Guarded Heir,1
Joust Through,1
Twinblade Blessing,1
Valkyrie's Call,1
Cephalid Inkmage,1
Curator of Destinies,1
Grappling Kraken,1
Sphinx of Forgotten Lore,1
Abyssal Harvester,1
Blasphemous Edict,1
Midnight Snack,1
Electroduplicate,1
Rite of the Dragoncaller,1
Preposterous Proportions,1
Banner of Kinship,1
Aetherize,1
Fleeting Distraction,1
Think Twice,1
Time Stop,1
Brass's Bounty,1
Brazen Scourge,1
Involuntary Employment,1
"Krenko, Mob Boss",1
Seismic Rupture,1
Doubling Season,1
Elvish Archdruid,1
Scavenging Ooze,1
"Lathril, Blade of the Elves",1
Thousand-Year Storm,1
Swiftfoot Boots,1
Embercleave,1
Bloom Tender,1
Angelic Destiny,1
Charming Prince,1
Fumigate,1
"Syr Alin, the Lion's Claw",1
Arcanis the Omnipotent,1
Desecration Demon,1
Nullpriest of Oblivion,1
Redcap Gutter-Dweller,1
Heroes' Bane,1
Vizier of the Menagerie,1
Wildborn Preserver,1
"Aurelia, the Warleader",1
"Halana and Alena, Partners",1
Immersturm Predator,1
Maelstrom Pulse,1
"Ovika, Enigma Goliath",1
Prime Speaker Zegana,1
Gate Colossus,1
Three Tree Mascot,1
Temple of Abandon,1
Temple of Deceit,1
Temple of Enlightenment,1
Temple of Epiphany,1
Temple of Malady,1
Temple of Malice,1
Temple of Mystery,1
Temple of Plenty,1
Temple of Silence,1
Temple of Triumph,1
Lyra Dawnbringer,1
Make a Stand,1
Massacre Wurm,1
Sandcloud Harbinger,1
Cottontail Caretaker,1
Pool Resources,1
Chittering Skullspeaker,1
Brave Meadowguard,1
Thought Rattle,1
Resourceful Collector,1
"Buxton, Decorated Host",1
Artful Maneuver,1
Compulsory Rest,1
Ghostblade Eidolon,1
Hopeful Eidolon,1
Lagonna-Band Trailblazer,1
Lotus-Eye Mystics,1
Sejiri Shelter,1
Syndicate Messenger,1
Bident of Thassa,1
Gust of Wind,1
Jwari Disruption,1
Master of Waves,1
Murmuring Mystic,1
Nimbus Naiad,1
Windrider Patrol,1
Cruel Revival,1
Dictate of Erebos,1
Fell Stinger,1
Nighthowler,1
Ob Nixilis's Cruelty,1
Returned Centaur,1
Undead Butler,1
Whip of Erebos,1
Akoum Warrior,1
Bloodfire Enforcers,1
Boundary Lands Ranger,1
Draconic Roar,1
Exquisite Firecraft,1
Fall of the Hammer,1
Humble Defector,1
Ordeal of Purphoros,1
Purphoros's Emissary,1
Rimrock Knight,1
Wild Slash,1
Bassara Tower Archer,1
District Guide,1
Gatebreaker Ram,1
Khalni Ambush,1
Sylvan Caryatid,1
Voyaging Satyr,1
Woodland Wanderer,1
Assemble the Legion,1
Azorius Charm,1
Catacomb Sifter,1
Dreadbore,1
Fleecemane Lion,1
Imperious Oligarch,1
Lyev Skyknight,1
Medomai the Ageless,1
Skyrider Elf,1
Stormchaser Mage,1
Thunderclap Wyvern,1
Crackdown Construct,1
Gate Colossus,1
Needle Spires,1
Spawning Bed,1
"Thassa, God of the Sea",1
Stoneshock Giant,1
Nylea's Disciple,1
Flitterstep Eidolon,1
Ruinous Path,1
Stain the Mind,1
Goblin Heelcutter,1
Stampeding Elk Herd,1
Dramatic Reversal,1
Tome Scour,1
Gather the Pack,1
Jarad's Orders,1
Unexpected Results,1
Protect // Serve,1
Canyon Vaulter,1
Unswerving Sloth,1
Valor's Flagship,1
"Mu Yanling, Wind Rider",1
Possession Engine,1
Slick Imitator,1
Cursecloth Wrappings,1
Gas Guzzler,1
Wretched Doll,1
"Chandra, Spark Hunter",1
Dracosaur Auxiliary,1
Skycrash,1
"Tyrox, Saurid Tyrant",1
Afterburner Expert,1
District Mascot,1
March of the World Ooze,1
"Oviya, Automech Artisan",1
Regal Imperiosaur,1
"Terrian, World Tyrant",1
Thunderous Velocipede,1
"Far Fortune, End Boss",1
"Lagorin, Soul of Alacria",1
Riptide Gearhulk,1
Voyage Home,1
"Winter, Cursed Rider",1
Marshals' Pathcruiser,1
Country Roads,1
Foul Roads,1
Muraganda Raceway,1
Riverpyre Verge,1
Willowrush Verge,1
Thoughtcast,1
Whir of Invention,1
Bone Miser,1
Pathbreaker Ibex,1
"Ethrimik, Imagined Fiend",1
Housemeld,1
Replicating Terror,1
Anguished Recollection,1
Eager Flameguide,1
Chittering Illuminator,1
Harrowing Swarm,1
Unnatural Summons,1
Wingbright Thief,1
Mardu Monument,1
Inspired Ultimatum,1
Arid Mesa,1
Misty Rainforest,1
Scalding Tarn,1
"Jill, Shiva's Dominant",1
Louisoix's Sacrifice,1
Quistis Trepe,1
Thief's Knife,1
Valkyrie Aerial Unit,1
Y'shtola Rhul,1
Vincent Valentine,1
Absolute Virtue,1
"Eden, Seat of the Sanctum",1
Ranger-Captain of Eos,1
"Urza, Lord High Artificer",1
Nyxbloom Ancient,1
Tymna the Weaver,1
"Traxos, Scourge of Kroog",1
"Kenrith, the Returned King",1
Loran of the Third Path,1
Cryptic Command,1
"Gix, Yawgmoth Praetor",1
Nature's Claim,1
"Ishai, Ojutai Dragonspeaker",1
"Kinnan, Bonder Prodigy",1
"Thrasios, Triton Hero",1
"Yuriko, the Tiger's Shadow",1
Smuggler's Copter,1
Unforgiving Overtake,1
Chomping Mastasaur,1
"Arius, Flyby Trawler",1
All-Fates Stalker,1
Astelli Reclaimer,1
Dual-Sun Technique,1
Rescue Skiff,1
Scout for Survivors,1
The Seriema,1
Cerebral Download,1
Codecracker Hound,1
Mechan Shieldmate,1
Specimen Freighter,1
Synthesizer Labship,1
Tractor Beam,1
Chorale of the Void,1
Entropic Battlecruiser,1
Requiem Monolith,1
Sunset Saboteur,1
Vote Out,1
Nova Hellkite,1
Ruinous Rampage,1
"Tannuk, Steadfast Second",1
Weftstalker Ardent,1
Bioengineered Future,1
Mightform Harmonizer,1
Biotech Specialist,1
"Dyadrine, Synthesis Amalgam",1
Genemorph Imago,1
"Haliya, Ascendant Cadet",1
Infinite Guideline Station,1
Interceptor Mechan,1
The Eternity Elevator,1
Godless Shrine,1
"Kavaron, Memorial World",1
Nexus of Fate,1
Swiftspear's Teachings,1
Thunderbond Vanguard,1
Draconic Fealty,1
Amber-Plate Ainok,1
Pampered Loamfrill,1
Stormforged Armor,1
Territorial Strike,1
Audacious Knuckleblade,1
"Xho Cai, Flickering Talon",1
Dragonweave Tapestry,1
Blast Zone,1
Creeping Tar Pit,1
Dust Bowl,1
High Market,1
Lotus Field,1
Mystifying Maze,1
Needle Spires,1
Sunken Citadel,1
Thespian's Stage,1
Aang's Journey,1
Energybending,1
Avatar Enthusiasts,1
Avatar's Wrath,1
Earth Kingdom Jailer,1
Earth Kingdom Protectors,1
Enter the Avatar State,1
Glider Kids,1
Glider Staff,1
"Hakoda, Selfless Commander",1
Rabaroo Troop,1
Southern Air Temple,1
United Front,1
Yip Yip!,1
Accumulate Wisdom,1
Honest Work,1
Lost Days,1
Secret of Bloodbending,1
Serpent of the Pass,1
Tiger-Seal,1
Waterbending Lesson,1
Beetle-Headed Merchants,1
Cat-Gator,1
Day of Black Sun,1
Fire Navy Trebuchet,1
Foggy Swamp Visions,1
"Koh, the Face Stealer",1
"Mai, Scornful Striker",1
Northern Air Temple,1
Pirate Peddlers,1
Ruinous Waterbending,1
Swampsnare Trap,1
Tundra Tank,1
Wolfbat,1
Zuko's Conviction,1
Combustion Man,1
Fated Firepower,1
Firebending Student,1
The Last Agni Kai,1
The Legend of Roku,1
Price of Freedom,1
Ran and Shaw,1
Sozin's Comet,1
Twin Blades,1
"Ty Lee, Artful Acrobat",1
"Zhao, the Moon Slayer",1
Allies at Last,1
Badgermole,1
"The Boulder, Ready to Rumble",1
"Bumi, King of Three Trials",1
Diligent Zookeeper,1
Earthen Ally,1
Elemental Teachings,1
The Legend of Kyoshi,1
Sparring Dummy,1
"Aang, at the Crossroads",1
"Aang, Swift Savior",1
Beifong's Bounty Hunters,1
Dai Li Agents,1
Earth Kingdom Soldier,1
Earth King's Lieutenant,1
Earth Village Ruffians,1
Fire Lord Zuko,1
Guru Pathik,1
"Sokka, Bold Boomeranger",1
"Sokka, Tenacious Tactician",1
"Suki, Kyoshi Warrior",1
Uncle Iroh,1
"Zuko, Conflicted",1
Planetarium of Wan Shi Tong,1
Ba Sing Se,1
Jasmine Dragon Tea Shop,1
Rumble Arena,1
Morbid Opportunist,1
Murderous Rider,1
Big Score,1
Tireless Tracker,1
Swiftfoot Boots,1
Foreboding Ruins,1
Fortified Village,1
Geothermal Bog,1
Temple of Enlightenment,1
Temple of Mystery,1
Temple of Plenty,1
Aunt May,1
Costume Closet,1
"Flash Thompson, Spider-Fan",1
Peter Parker,1
Selfless Police Captain,1
Spectacular Spider-Man,1
"Chameleon, Master of Disguise",1
"Doc Ock, Sinister Scientist",1
Hide on the Ceiling,1
"Hydro-Man, Fluid Felon",1
Norman Osborn,1
School Daze,1
Spider-Sense,1
Behold the Sinister Six!,1
Common Crook,1
Merciless Enforcers,1
"Morlun, Devourer of Spiders",1
Prison Break,1
Risky Research,1
Spider-Man Noir,1
"Swarm, Being of Bees",1
Venom's Hunger,1
Electro's Bolt,1
Gwen Stacy,1
Maximum Carnage,1
Raging Goblinoids,1
Romantic Rendezvous,1
Spider-Verse,1
Superior Foes of Spider-Man,1
Wisecrack,1
Damage Control Crew,1
Grow Extra Arms,1
Guy in the Chair,1
Kapow!,1
"Lizard, Connors's Curse",1
Pictures of Spider-Man,1
"Spiders-Man, Heroic Horde",1
Terrific Team-Up,1
Wall Crawl,1
"Green Goblin, Revenant",1
"Kraven, Proud Predator",1
Mary Jane Watson,1
Mister Negative,1
Morbius the Living Vampire,1
Rhino's Rampage,1
"Scarlet Spider, Kaine",1
"Spider-Woman, Stunning Savior",1
"The Spot, Living Portal",1
Superior Spider-Man,1
Ultimate Green Goblin,1
"Vulture, Scheming Scavenger",1
Doc Ock's Tentacles,1
Mechanical Mobster,1
News Helicopter,1
Rocket-Powered Goblin Glider,1
Spider-Mobile,1
"Spider-Slayer, Hatred Honed",1
Daily Bugle Building,1
Oscorp Industries,1
Savage Mansion,1
University Campus,1
Vibrant Cityscape,1
Reprieve,1
Infernal Grasp,1
Heroic Intervention,1
"Momo, Rambunctious Rascal",1
Flying Dolphin-Fish,1
Lost in the Spirit World,1
Fire Nation Ambushers,1
Hippo-Cows,1
"Aang, Airbending Master",1
Kindly Customer,1
Koala-Sheep,1
Baboon Spirit,1
Dutiful Knowledge Seeker,1
"Azula, Ruthless Firebender",1
Dai Li Censor,1
The Art of Tea,1
"Bosco, Just a Bear",1
Bumi's Feast Lecture,1
The Cabbage Merchant,1
Elephant-Mandrill,1
Cloudshift,1
Dramatic Reversal,1
Diresight,1
Many Partings,1
Suspicious Bookcase,1
Adept Watershaper,1
Clachan Festival,1
Curious Colossus,1
"Eirdu, Carrier of Dawn",1
Evershrike's Gift,1
Kinsbaile Aspirant,1
Meanders Guide,1
Moonlit Lamenter,1
Pyrrhic Strike,1
"Rhys, the Evermore",1
Thoughtweft Imbuer,1
Disruptor of Currents,1
Glen Elendra Guardian,1
Noggle the Mind,1
Pestered Wellguard,1
Rimefire Torque,1
Rimekin Recluse,1
Silvergill Mentor,1
Sunderflock,1
"Sygg, Wanderwine Wisdom",1
Thirst for Identity,1
Unwelcome Sprite,1
Bitterbloom Bearer,1
Bloodline Bidding,1
Boggart Mischief,1
Dawnhand Dissident,1
Gloom Ripper,1
Gutsplitter Gang,1
Mudbutton Cursetosser,1
Goatnap,1
Goliath Daydreamer,1
Impolite Entrance,1
Squawkroaster,1
Aurora Awakener,1
Bloom Tender,1
Celestial Reunion,1
Moon-Vigil Adherents,1
Pitiless Fists,1
Prismabasher,1
Pummeler for Hire,1
Selfless Safewright,1
"Trystan, Callous Cultivator",1
"Abigale, Eloquent First-Year",1
Ashling's Command,1
Boggart Cursecrafter,1
"Doran, Besieged by Time",1
Emptiness,1
Figure of Fable,1
Glister Bairn,1
"Maralen, Fae Ascendant",1
Raiding Schemes,1
"Sanar, Innovative First-Year",1
Trystan's Command,1
Puca's Eye,1
Overgrown Tomb,1
Steam Vents,1
Temple Garden,1
Thriving Bluff,1
Thriving Grove,1
Thriving Heath,1
Thriving Isle,1
Scout's Warning,1
Humble Defector,1
Heroic Intervention,1
Swiftfoot Boots,1
Thought Partition,1
Cloudsculpt Armorer,1
Hydroponics Architect,1
Gravitic Herald,1
Eumidian Lifeseed,1
Worldweave,1
"Val, Marooned Surveyor",1
Bitterblossom,1
Heat Shimmer,1
Door of Destinies,1
Painter's Servant,1
Empty the Warrens,1
Leonardo's Technique,1
"April, Reporter of the Weird",1
Does Machines,1
"Renet, Temporal Apprentice",1
Splinter's Technique,1
Super Shredder,1
Jennika's Technique,1
"Michelangelo, Improviser",1
Michelangelo's Technique,1
Novel Nunchaku,1
Party Dude,1
North Wind Avatar,1
Weather Maker,1
Foot Headquarters,1
Ashcoat of the Shadow Swarm,1
Doubling Season,1
Sword of Sinew and Steel,1
Undercity Sewers,1
Winds of Abandon,1
Adaptive Armorer,1
Aquatic Subtlety,1
Tend to the Kiln,1
Gilt-Leaf Alchemist,1
Kithkin Brinefarer,1
"Oura, the Imitator",1
"Salacinder and Soot, Rascals",1
Thorna and Twigtooth,1
Echoing Cavern,1
Transcendent Archaic,1
Antiquities on the Loose,1
Informed Inkwright,1
Practiced Offense,1
Stirring Hopesinger,1
Divergent Equation,1
Emeritus of Ideation,1
Matterbending Mage,1
Muse Seeker,1
Decorum Dissertation,1
Scheming Silvertongue,1
Withering Curse,1
Artistic Process,1
Magmablood Archaic,1
Pigment Wrangler,1
Thunderdrum Soloist,1
Environmental Scientist,1
Germination Practicum,1
Infirmary Healer,1
Slumbering Trudge,1
Topiary Lecturer,1
Applied Geometry,1
Conciliator's Duelist,1
Fix What's Broken,1
Hardened Academic,1
Resonating Lute,1
Suspend Aggression,1
"Tam, Observant Sequencer",1
Diary of Dreams,1
Great Hall of the Biblioplex,1
Shattered Sanctum,1
Stormcarved Coast,1
Angel's Grace,1
Armageddon,1
Reprieve,1
Return to the Ranks,1
Winds of Abandon,1
Daze,1
Flusterstorm,1
Pongify,1
Vampiric Tutor,1
Big Score,1
Crackle with Power,1
Empty the Warrens,1
Jeska's Will,1
Crop Rotation,1
Glimpse of Nature,1
Triumph of the Hordes,1
Veil of Summer,1
Deflecting Palm,1
Expressive Iteration,1
Murmuring Mystic,1
Grim Haruspex,1
Troop of Ponies,1
Belladonna Took,1
The Eagles Are Coming!,1
Fíli the Pathfinder,1
Gleaming Splendor,1
Kíli the Resourceful,1
"Roads Go Ever, Ever On",1
Settle the Wreckage,1
"Bilbo, Thief in the Night",1
Fateful Discovery,1
Great Gilded Boat,1
The Lord of the Eagles,1
Master's Councillors,1
Riddles in the Dark,1
Along the Crooked Way,1
"Azog, Moria's Ruin",1
Dreaded Bat-Cloud,1
"Balin, Loremaster",1
"Burn, Burn, Tree and Fern",1
Desert Were-Worm,1
"Gandalf, Goblins' Bane",1
Stone-Giant of High Pass,1
"Thorin, Mountain-king",1
Beorn the Fierce,1
Cantankerous Keepers,1
Dancing from Dark to Dawn,1
Nasty Little Rabbit,1
The Notary Hobbits,1
Old Fat Spider,1
"Bard, King of Dale",1
Bolg's Company,1
Silvan Reveler,1
Thranduil's Company,1
My Precious,1
Elven Passage,1
Elvenking's Halls,1
Goblin-town,1
Lake-town,1
Elvish Archdruid,1
Heroic Intervention,1
Honor the Past,1
Unbreakable Remnant,1
Corpseweaver Prodigy,1
"Anina, Natural Parallelist",1
Archaeomancer's Spade,1
Distracted Botanist,1
Glorifying Verse,1
Head of the Class,1
Inspiring Easel,1
Phoenix of Iteration,1
The Mystical Archive,1
Reprieve,1
Infernal Grasp,1
Heroic Intervention,1
"Mockingbird, Ace Agent",1
Origin of the Avengers,1
Super-Soldier Serum,1
"Attuma, Atlantean Warlord",1
Bruce Banner,1
"Iron Lad, Diverging Destiny",1
"Justice, Vance Astrovik",1
Kang the Conqueror,1
"Leader, Super-Genius",1
Pym Particles,1
"Black Widow, Super Spy",1
Construct a Cosmic Cube,1
Doom Reigns Supreme,1
"Grim Reaper, Lethal Legionnaire",1
Robot Domination,1
Fin Fang Foom,1
Hex Magic,1
"Iron Fist, Living Weapon",1
"Hellcat, Undying Vigilante",1
"Hercules, Prince of Power",1
"Mole Man, Moloid Master",1
Punishing Punch,1
"Reptil, Dinomorpher",1
"The Thing, Ben Grimm",1
"Ares, God of War",1
The Astonishing Ant-Man,1
Avengers: Under Siege,1
"Cloak and Dagger, Entwined",1
The Coming of Galactus,1
"Daredevil, Man Without Fear",1
"Kang, Temporal Tyrant",1
King T'Challa,1
"Spider-Man, To the Rescue",1
The Super Hero Civil War,1
"War Machine, Legacy of Iron",1
"Winter Soldier, Icy Assassin",1
"Wolverine, Fierce Fighter",1
Iron Man Armor,1
S.H.I.E.L.D. Helicarrier,1
Avengers Hangar,1
Baxter Building,1
Castle Doom,1
Dark Fortress,1
Fisk Tower,1
Gleaming Bastion,1
Hell's Kitchen,1
Los Diablos Missile Base,1
Pym Technologies,1
Return to the Ranks,1
Extinction Event,1
Heroic Intervention,1
Heroic Intervention,1
Heroic Intervention,1
Unnatural Growth,1
"Aurelia, the Warleader",1
"Storm, Force of Nature",1
Warleader's Call,1
Roaming Throne,1
Aunt May,1
Costume Closet,1
"Flash Thompson, Spider-Fan",1
Selfless Police Captain,1
"Doc Ock, Sinister Scientist",1
Think Twice,1
Common Crook,1
"Swarm, Being of Bees",1
Big Score,1
Romantic Rendezvous,1
Wisecrack,1
Commune with Dinosaurs,1
Terrific Team-Up,1
Rhino's Rampage,1
Rocket-Powered Goblin Glider,1
Spider-Mobile,1
Thriving Bluff,1
Thriving Grove,1
Thriving Heath,1
Thriving Isle,1
Reprieve,1
Eagles of the North,1
Fog on the Barrow-Downs,1
Soldier of the Grey Host,1
Languish,1
Improvised Club,1
Elvish Archdruid,1
Gift of Strands,1
Wayfarer's Bauble,1
Mind Stone,2
Phyrexian Arena,2
Umezawa's Jitte,2
Spell Snare,2
Coldsteel Heart,2
Incremental Growth,2
Millstone,2
Mana Confluence,2
Canyon Lurkers,2
Hardened Scales,2
Incremental Growth,2
Naturalize,2
Opulent Palace,2
Wastes,2
Skulduggery,2
Skymarch Bloodletter,2
Moment of Triumph,2
Kitesail Corsair,2
Sworn Guardian,2
Naturalize,2
"Muldrotha, the Gravetide",2
Knight of the Tusk,2
Knight's Pledge,2
Leonin Warleader,2
Take Vengeance,2
Switcheroo,2
Totally Lost,2
Wall of Mist,2
Windreader Sphinx,2
Blood Divination,2
Bogstomper,2
Epicure of Blood,2
Hired Blade,2
Infernal Reckoning,2
Plague Mare,2
Skymarch Bloodletter,2
Colossal Majesty,2
Gigantosaurus,2
Naturalize,2
Enigma Drake,2
Millstone,2
Riddlemaster Sphinx,2
Rampaging Brontodon,2
Wall of Mist,2
Midnight Reaper,2
Inescapable Blaze,2
Affectionate Indrik,2
Circuitous Route,2
Swiftblade Vindicator,2
Watery Grave,2
Take Vengeance,2
Knight's Pledge,2
Rumbling Baloth,2
Sanctuary Cat,2
Inspiring Commander,2
Shrine Keeper,2
Goblin Gang Leader,2
Arrester's Zeal,2
Expose to Daylight,2
Clear the Mind,2
Essence Capture,2
Sage's Row Savant,2
Senate Courier,2
Windstorm Drake,2
Bladebrand,2
Carrion Imp,2
Consign to the Pit,2
Noxious Groodion,2
Undercity Scavenger,2
Storm Strike,2
Stony Strength,2
Applied Biomancy,2
Senate Griffin,2
Breeding Pool,2
Totally Lost,2
Wall of Runes,2
Vampire Opportunist,2
Fencing Ace,2
Moorland Inquisitor,2
Brineborn Cutthroat,2
Octoprophet,2
Winged Words,2
Bladebrand,2
Epicure of Blood,2
Twinblade Paladin,2
Take Vengeance,2
Riddlemaster Sphinx,2
Bogstomper,2
Vampire Opportunist,2
Woodland Mystic,2
All That Glitters,2
"Linden, the Steadfast Queen",2
Epic Downfall,2
Reaper of Night,2
Tempting Witch,2
Rosethorn Halberd,2
Tuinvale Treefolk,2
Wildwood Tracker,2
Mystic Sanctuary,2
Steelbane Hydra,2
Demon of Loathing,2
Heartless Act,2
Rumbling Rockslide,2
"Yawgmoth, Thran Physician",2
Llanowar Tribe,2
Snow-Covered Plains,2
Snow-Covered Island,2
Snow-Covered Swamp,2
Snow-Covered Mountain,2
Snow-Covered Forest,2
Light of Promise,2
Wall of Runes,2
Garruk's Uprising,2
Wildwood Patrol,2
Release the Dogs,2
Thriving Moor,2
Knight of the Tusk,2
Valorous Stance,2
Kitesail Corsair,2
Octoprophet,2
Sage's Row Savant,2
Windreader Sphinx,2
Windstorm Drake,2
Winged Words,2
Blood Divination,2
Cemetery Recruitment,2
Tempting Witch,2
Molten Ravager,2
Affectionate Indrik,2
Inspiring Call,2
Rampaging Brontodon,2
Rumbling Baloth,2
Herald's Horn,2
Into the Roil,2
Pelakka Predation,2
Kazuul's Fury,2
Spitfire Lagac,2
Bala Ged Recovery,2
Moss-Pit Skeleton,2
Enigma Drake,2
Regal Caracal,2
"Vorinclex, Monstrous Raider",2
Snow-Covered Plains,2
Snow-Covered Plains,2
Snow-Covered Island,2
Snow-Covered Island,2
Snow-Covered Swamp,2
Snow-Covered Swamp,2
Snow-Covered Mountain,2
Snow-Covered Mountain,2
Snow-Covered Forest,2
Snow-Covered Forest,2
Fencing Ace,2
Inspiring Commander,2
Knight's Pledge,2
Leonin Warleader,2
Moorland Inquisitor,2
Sanctuary Cat,2
Shrine Keeper,2
Glint,2
Octoprophet,2
Riddlemaster Sphinx,2
Soulblade Djinn,2
Sworn Guardian,2
Wall of Runes,2
Windreader Sphinx,2
Windstorm Drake,2
Winged Words,2
Demon of Loathing,2
Mardu Outrider,2
Typhoid Rats,2
Vampire Opportunist,2
Goblin Gang Leader,2
Goblin Tunneler,2
Inescapable Blaze,2
Molten Ravager,2
Ogre Battledriver,2
Raid Bombardment,2
Siege Dragon,2
Storm Strike,2
Affectionate Indrik,2
Colossal Majesty,2
Gigantosaurus,2
Rampaging Brontodon,2
Rumbling Baloth,2
Sentinel Spider,2
Stony Strength,2
Wildwood Patrol,2
Woodland Mystic,2
Blossoming Defense,2
Cloudblazer,2
Blooming Marsh,2
Concealed Courtyard,2
Spirebluff Canal,2
Day of Judgment,2
Cathar Commando,2
Bladebrand,2
Stromkirk Bloodthief,2
"Slogurk, the Overslime",2
Valorous Stance,2
Deathcap Glade,2
Bear Cub,2
Hardened Scales,2
Incremental Growth,2
Essence Capture,2
Secluded Courtyard,2
Snow-Covered Plains,2
Snow-Covered Island,2
Snow-Covered Swamp,2
Snow-Covered Mountain,2
Snow-Covered Forest,2
An Offer You Can't Refuse,2
Courier's Briefcase,2
Micromancer,2
Magnigoth Sentry,2
Silverback Elder,2
Overwhelming Remorse,2
Giant Cindermaw,2
Gaea's Gift,2
Obstinate Baloth,2
Haywire Mite,2
Demolition Field,2
Mishra's Foundry,2
Burnished Hart,2
Millstone,2
A-Moss-Pit Skeleton,2
Bring the Ending,2
Serum Snare,2
Archfiend of the Dross,2
Offer Immortality,2
Phyrexian Arena,2
All Will Be One,2
Cankerbloom,2
The Dross Pits,2
Piece It Together,2
Patchplate Resolute,2
Golden-Scale Aeronaut,2
Surge of Salvation,2
Expedition Lookout,2
Tidal Terror,2
Karsus Depthguard,2
Seed of Hope,2
Vorinclex,2
Wastes,2
Death-Rattle Oni,2
Reckless Handling,2
Feast of the Victorious Dead,2
Surrak and Goreclaw,2
Vessel of Nascency,2
Magnifying Glass,2
True-Faith Censer,2
Seething Skitter-Priest,2
Cheeky House-Mouse,2
Cooped Up,2
Eerie Interference,2
Moment of Valor,2
Stockpiling Celebrant,2
Aquatic Alchemist,2
Chancellor of Tales,2
Freeze in Place,2
Picklock Prankster,2
Sleep-Cursed Faerie,2
Snaremaster Sprite,2
Spell Stutter,2
Talion's Messenger,2
"Ashiok, Wicked Manipulator",2
Faerie Fencing,2
Feed the Cauldron,2
Rankle's Prank,2
Scream Puff,2
Sugar Rush,2
Twisted Sewer-Witch,2
The Witch's Vanity,2
Korvold and the Noble Thief,2
Minecart Daredevil,2
Beanstalk Wurm,2
Commune with Nature,2
Hollow Scavenger,2
Leaping Ambush,2
Return from the Wilds,2
Spider Food,2
Stormkeld Vanguard,2
Tanglespan Lookout,2
"Johann, Apprentice Sorcerer",2
"Obyra, Dreaming Duelist",2
"Totentanz, Swarm Piper",2
Questing Druid,2
Spellscorn Coven,2
Tempest Hart,2
Woodland Acolyte,2
"Syr Ginger, the Meal Ender",2
Restless Bivouac,2
Experimental Confectioner,2
Provisions Merchant,2
Vampiric Rites,2
Raid Bombardment,2
Garruk's Uprising,2
Hardened Scales,2
A-Haywire Mite,2
Acrobatic Leap,2
Ironpaw Aspirant,2
Oltec Cloud Guard,2
Petrify,2
Thousand Moons Infantry,2
Tinker's Tote,2
Eaten by Piranhas,2
The Enigma Jewel,2
River Herald Scout,2
Self-Reflection,2
Waterwind Scout,2
Bringer of the Last Gift,2
Screaming Phantom,2
Brazen Blademaster,2
Curator of Sun's Creation,2
Daring Discovery,2
Dreadmaw's Ire,2
Geological Appraiser,2
Hit the Mother Lode,2
"Ojer Axonil, Deepest Might",2
Panicked Altisaur,2
Plundering Pirate,2
Rumbling Rockslide,2
Cavern Stomper,2
Earthshaker Dreadmaw,2
Explorer's Cache,2
Hulking Raptor,2
In the Presence of Ages,2
Jade Seedstones,2
Jadelight Spelunker,2
River Herald Guide,2
Spelunking,2
Twists and Turns,2
"Itzquinth, Firstborn of Gishath",2
"Kutzil, Malamet Exemplar",2
Zoyowa Lava-Tongue,2
Hidden Courtyard,2
Hidden Volcano,2
Auspicious Arrival,2
Case of the Gateway Express,2
Defenestrated Phantom,2
"Delney, Streetwise Lookout",2
Makeshift Binding,2
Neighborhood Guardian,2
On the Job,2
Sanctuary Wall,2
Seasoned Consultant,2
Tenth District Hero,2
Wrench,2
Cold Case Cracker,2
It Doesn't Add Up,2
Lead Pipe,2
Slimy Dualleech,2
Snarling Gorehound,2
Toxin Analysis,2
Undercity Eliminator,2
Vein Ripper,2
Case of the Crimson Pulse,2
Crime Novelist,2
Person of Interest,2
Vengeful Tracker,2
Bite Down on Crime,2
Case of the Locked Hothouse,2
Fanatical Strength,2
Sample Collector,2
They Went This Way,2
Topiary Panther,2
Deadly Complication,2
Detective's Satchel,2
Drag the Canal,2
"Ezrim, Agency Chief",2
Granite Witness,2
Ill-Timed Explosion,2
Officious Interrogation,2
Private Eye,2
Magnifying Glass,2
Thinking Cap,2
Commercial District,2
Shadowy Backstreet,2
Kraul Whipcracker,2
Draconic Debut,2
Snow-Covered Plains,2
Snow-Covered Island,2
Snow-Covered Swamp,2
Snow-Covered Mountain,2
Snow-Covered Forest,2
"Fortune, Loyal Steed",2
Prairie Dog,2
Shepherd of the Clouds,2
Steer Clear,2
Archmage's Newt,2
The Key to the Vault,2
Marauding Sphinx,2
Outlaw Stitcher,2
Peerless Ropemaster,2
Blacksnag Buzzard,2
Boneyard Desecrator,2
Consuming Ashes,2
Insatiable Avarice,2
Neutralize the Guards,2
Overzealous Muscle,2
Rakish Crew,2
Rattleback Apothecary,2
Rooftop Assassin,2
Skulduggery,2
Unfortunate Accident,2
Vault Plunderer,2
Great Train Heist,2
Hellspur Brute,2
Mine Raider,2
Outlaws' Fury,2
Reckless Lackey,2
Return the Favor,2
Rodeo Pyromancers,2
Scorching Shot,2
Thunder Salvo,2
Trick Shot,2
Cactarantula,2
Drover Grizzly,2
Giant Beaver,2
Intrepid Stablemaster,2
Map the Frontier,2
Patient Naturalist,2
Reach for the Sky,2
Spinewoods Paladin,2
Throw from the Saddle,2
Akul the Unrepentant,2
Congregation Gryff,2
"Doc Aurlock, Grizzled Genius",2
"Kraum, Violent Cacophony",2
"Malcolm, the Eyes",2
Slick Sequence,2
Festering Gulch,2
Blooming Marsh,2
Concealed Courtyard,2
Spirebluff Canal,2
Worldwalker Helm,2
Essence Capture,2
Sneaky Snacker,2
Prismatic Ending,2
Scrutiny of the Guildpact,2
Shove Aside,2
A-Geological Appraiser,2
Ruby Collector,2
Builder's Talent,2
Intrepid Rabbit,2
Jackdaw Savior,2
Jolly Gerbils,2
Parting Gust,2
Starfall Invocation,2
Warren Warleader,2
Azure Beastbinder,2
Dazzling Denial,2
Dour Port-Mage,2
Mind Spiral,2
Consumed by Greed,2
Feed the Cycle,2
Osteomancer Adept,2
Psychic Whorl,2
Scales of Shale,2
Blacksmith's Talent,2
Blooming Blast,2
Brazen Collector,2
Flamecache Gecko,2
Playful Shove,2
Whiskerquill Scribe,2
Brambleguard Veteran,2
Rust-Shield Rampager,2
Cindering Cutthroat,2
"Clement, the Worrywort",2
Junkblade Bruiser,2
"Muerra, Trash Tactician",2
"Ral, Crackling Wit",2
Tempest Angler,2
"Zoraline, Cosmos Caller",2
Starforged Sword,2
Mudflat Village,2
Secluded Courtyard,2
Acrobatic Cheerleader,2
Emerge from the Cocoon,2
Exorcise,2
Glimmer Seeker,2
Lionheart Glimmer,2
Patched Plaything,2
Possessed Goat,2
Shepherding Spirits,2
Trapped in the Screen,2
Duskmourn's Domination,2
Fear of Impostors,2
Glimmerburst,2
Marina Vendrell's Grimoire,2
Silent Hallcreeper,2
Tunnel Surveyor,2
Twist Reality,2
Balemurk Leech,2
Cackling Slasher,2
Final Vengeance,2
Let's Play a Game,2
Osseous Sticktwister,2
Spectral Snatcher,2
Valgavoth's Faithful,2
Boilerbilges Ripper,2
Fear of Being Hunted,2
Leyline of Resonance,2
Break Down the Door,2
Overgrown Zealot,2
Twitching Doll,2
Rite of the Moth,2
Shroudstomper,2
The Swarmweaver,2
"Winter, Misanthropic Guide",2
Bear Trap,2
Found Footage,2
Haunted Screen,2
Malevolent Chandelier,2
Strangled Cemetery,2
Valgavoth's Lair,2
Starlight Snare,2
Goblin Surprise,2
Skymarch Bloodletter,2
Epicure of Blood,2
Typhoid Rats,2
Brineborn Cutthroat,2
Windreader Sphinx,2
Windstorm Drake,2
Winged Words,2
Obstinate Baloth,2
Stony Strength,2
Thriving Moor,2
Akroan Crusader,2
Fencing Ace,2
Moment of Triumph,2
Valorous Stance,2
Moment of Triumph,2
Twinblade Paladin,2
Eaten by Piranhas,2
Into the Roil,2
Kitesail Corsair,2
Starlight Snare,2
Cemetery Recruitment,2
Deadly Plot,2
Offer Immortality,2
Skyraker Giant,2
Bear Cub,2
Magnigoth Sentry,2
Divine Resilience,2
Herald of Eternal Dawn,2
Inspiring Paladin,2
Luminous Rebuke,2
Raise the Past,2
Clinquant Skymage,2
Drake Hatcher,2
Homunculus Horde,2
"Kaito, Cunning Infiltrator",2
Lunar Insight,2
Mischievous Mystic,2
Arbiter of Woe,2
High-Society Hunter,2
Seeker's Folly,2
Soul-Shackled Zombie,2
Goblin Negotiation,2
Twinflame Tyrant,2
Ambush Wolf,2
Elvish Regrower,2
"Alesha, Who Laughs at Fate",2
Ashroot Animist,2
"Koma, World-Eater",2
"Zimone, Paradox Sculptor",2
Cathar Commando,2
Day of Judgment,2
Brineborn Cutthroat,2
Extravagant Replication,2
Micromancer,2
An Offer You Can't Refuse,2
Self-Reflection,2
Phyrexian Arena,2
Stromkirk Bloodthief,2
Flamewake Phoenix,2
Goblin Surprise,2
Spitfire Lagac,2
Affectionate Indrik,2
"Dwynen, Gilt-Leaf Daen",2
Garruk's Uprising,2
Inspiring Call,2
Overrun,2
"Muldrotha, the Gravetide",2
Progenitus,2
Swiftblade Vindicator,2
Burnished Hart,2
Secluded Courtyard,2
"Linden, the Steadfast Queen",2
Regal Caracal,2
Release the Dogs,2
Valorous Stance,2
Fog Bank,2
Midnight Reaper,2
Vampiric Rites,2
Giant Cindermaw,2
Circuitous Route,2
Cloudblazer,2
Enigma Drake,2
Trygon Predator,2
Demolition Field,2
Rite of Replication,2
Gigantosaurus,2
Scion of Ugin,2
Keening Apparition,2
Phalanx Leader,2
Swift Reckoning,2
Brineborn Cutthroat,2
Cloudfin Raptor,2
Dark Deal,2
Pelakka Predation,2
Akroan Crusader,2
Bala Ged Recovery,2
Courier's Briefcase,2
Selesnya Charm,2
Air Response Unit,2
"Basri, Tomorrow's Champion",2
Guardian Sunmare,2
Salvation Engine,2
Skyseer's Chariot,2
Spectacular Pileup,2
Roadside Blowout,2
Spikeshell Harrier,2
Trade the Helm,2
Unstoppable Plan,2
Carrion Cruiser,2
Wickerfolk Indomitable,2
Howlsquad Heavy,2
Road Rage,2
Agonasaur Rex,2
Autarch Mammoth,2
Dredger's Insight,2
Point the Way,2
"Aatchik, Emerald Radian",2
Apocalypse Runner,2
Boosted Sloop,2
Broadside Barrage,2
Broodheart Engine,2
Cloudspire Skycycle,2
Coalstoke Gearhulk,2
Explosive Getaway,2
Gastal Thrillseeker,2
Guidelight Pathmaker,2
Haunted Hellride,2
"Ketramose, the New Dawn",2
"Mendicant Core, Guidelight",2
Pyrewood Gearhulk,2
Rangers' Aetherhive,2
"Samut, the Driving Force",2
"Sita Varma, Masked Racer",2
Veteran Beastrider,2
"Zahur, Glory's Past",2
Guidelight Matrix,2
Lifecraft Engine,2
Pit Automaton,2
Reef Roads,2
Wastewood Verge,2
Descendant of Storms,2
Dragonstorm Forecaster,2
Essence Anchor,2
Alchemist's Assistant,2
Unrooted Ancestor,2
Wail of War,2
Iridescent Tiger,2
Sunset Strikemaster,2
Unsparing Boltcaster,2
Opulent Palace,2
Snow-Covered Plains,2
Snow-Covered Island,2
Snow-Covered Swamp,2
Snow-Covered Mountain,2
Snow-Covered Forest,2
"Cloud, Midgar Mercenary",2
Snow Villiers,2
Summon: Knights of Round,2
Ultima,2
Travel the Overworld,2
Prompto Argentum,2
Summon: Esper Ramuh,2
Summon: G.F. Cerberus,2
Ancient Adamantoise,2
"Exdeath, Void Warlock",2
"Giott, King of the Dwarves",2
Gladiolus Amicitia,2
"Golbez, Crystal Collector",2
"Rydia, Summoner of Mist",2
"Squall, SeeD Mercenary",2
"Zidane, Tantalus Thief",2
Aettir and Priwen,2
Genji Glove,2
The Masamune,2
Wastes,2
"Yawgmoth, Thran Physician",2
"Muldrotha, the Gravetide",2
A-Leyline of Resonance,2
Bail Out,2
Spectacle of Destruction,2
Motivated Muralist,2
Support Skyforge,2
Wish Good Luck,2
Cosmogrand Zenith,2
Emergency Eject,2
Exosuit Savior,2
Reroute Systems,2
Sunstar Lightsmith,2
Illvoi Infiltrator,2
"Mm'menon, the Right Hand",2
Mouth of the Storm,2
Quantum Riddler,2
Steelswarm Operator,2
Uthros Psionicist,2
Hylderblade,2
Hymn of the Faller,2
Susurian Dirgecraft,2
"Xu-Ifit, Osteoharmonist",2
Cut Propulsion,2
Full Bore,2
Lithobraking,2
Memorial Team Leader,2
Memorial Vault,2
Molecular Modifier,2
Pain for All,2
Remnant Elemental,2
Roving Actuator,2
Terrapact Intimidator,2
Territorial Bruntar,2
Vaultguard Trooper,2
Warmaker Gunship,2
Weapons Manufacturing,2
Close Encounter,2
Frenzied Baloth,2
Gene Pollinator,2
Larval Scoutlander,2
Meltstrider Eulogist,2
Cosmogoyf,2
"Mm'menon, Uthros Exile",2
Mutinous Massacre,2
Pinnacle Emissary,2
"Ragost, Deft Gastronaut",2
Seedship Broodtender,2
Space-Time Anomaly,2
"Syr Vondam, Sunstar Exemplar",2
Bygone Colossus,2
The Endstone,2
Thrumming Hivepool,2
Breeding Pool,2
"Evendo, Waking Haven",2
"Susur Secundi, Void Altar",2
"Uthros, Titanic Godcore",2
Watery Grave,2
Herald's Horn,2
Runeblade Raiser,2
Illuminating Lash,2
Mana Confluence,2
"Aang, the Last Airbender",2
Aang's Iceberg,2
"Appa, Steadfast Guardian",2
Curious Farm Animals,2
Destined Confrontation,2
Gather the White Lotus,2
Invasion Reinforcements,2
The Legend of Yangchen,2
Master Piandao,2
Sandbenders' Storm,2
Vengeful Villagers,2
Water Tribe Rallier,2
First-Time Flyer,2
Flexible Waterbender,2
Geyser Leaper,2
Gran-Gran,2
It'll Quench Ya!,2
Knowledge Seeker,2
The Spirit Oasis,2
"Ty Lee, Chi Blocker",2
Azula Always Lies,2
Callous Inspector,2
Epic Downfall,2
Fatal Fissure,2
Foggy Swamp Hunters,2
Heartless Act,2
"Lo and Li, Twin Tutors",2
Ozai's Cruelty,2
Raven Eagle,2
Boar-q-pine,2
The Cave of Two Lovers,2
Combustion Technique,2
Cunning Maneuver,2
Fire Nation Cadets,2
Firebending Lesson,2
"Jeong Jeong, the Deserter",2
Rough Rhino Cavalry,2
Treetop Freedom Fighters,2
Earthbending Lesson,2
"Flopsie, Bumi's Buddy",2
"Haru, Hidden Talent",2
Origin of Metalbending,2
Ostrich-Horse,2
Rebellious Captives,2
Abandon Attachments,2
"Azula, Cunning Usurper",2
"Bumi, Unleashed",2
Cat-Owl,2
"Hama, the Bloodbender",2
"Jet, Freedom Fighter",2
"Katara, Water Tribe's Hope",2
"Ozai, the Phoenix King",2
Sandbender Scavengers,2
"Sokka, Lateral Strategist",2
Vindictive Warden,2
Wandering Musicians,2
"Zhao, Ruthless Admiral",2
Fire Nation Warship,2
Kyoshi Battle Fan,2
Meteor Sword,2
Abandoned Air Temple,2
Agna Qel'a,2
Kyoshi Village,2
Realm of Koh,2
Serpent's Pass,2
Sun-Blessed Peak,2
Rite of Replication,2
Hardened Scales,2
Inspiring Call,2
Mind Stone,2
Demolition Field,2
Daily Bugle Reporters,2
"Silver Sable, Mercenary Leader",2
Web-Shooters,2
Flying Octobot,2
Mysterio's Phantasm,2
Oscorp Research Team,2
Robotics Mastery,2
Spider-Man No More,2
Whoosh!,2
Agent Venom,2
Inner Demons Gangsters,2
The Soul Stone,2
The Spot's Portal,2
"Tombstone, Career Criminal",2
"Venom, Evil Unleashed",2
Venomized Cat,2
Angry Rabble,2
"Hobgoblin, Mantled Marauder",2
Masked Meower,2
Shadow of the Goblin,2
"Shocker, Unshakable",2
"Spider-Gwen, Free Spirit",2
Spider-Punk,2
Stegron the Dinosaur Man,2
Taxi Driver,2
"Ezekiel Sims, Spider-Totem",2
Kraven's Cats,2
Lurking Lizards,2
"Sandman, Shifting Scoundrel",2
Scout the City,2
"Spider-Ham, Peter Porker",2
"Spider-Man, Brooklyn Visionary",2
Cheering Crowd,2
"Doctor Octopus, Master Planner",2
Gallant Citizen,2
"Jackal, Genius Geneticist",2
Mob Lookout,2
Pumpkin Bombardment,2
"Shriek, Treblemaker",2
Spider-Man India,2
Web-Warriors,2
Bagel and Schmear,2
Passenger Ferry,2
Spider-Bot,2
Steel Wrecking Ball,2
Ominous Asylum,2
Sinister Hideout,2
Urban Retreat,2
Rite of Replication,2
Acrobatic Leap,2
Valorous Stance,2
Dark Deal,2
Inspiring Call,2
Rooftop Percher,2
Bark of Doran,2
Champion of the Clachan,2
Kithkeeper,2
Protective Response,2
Reluctant Dounguard,2
Blossombind,2
Glamer Gifter,2
Loch Mare,2
Mirrorform,2
Omni-Changeling,2
Spell Snare,2
Swat Away,2
Tanufel Rimespeaker,2
Wanderwine Farewell,2
Dawnhand Eulogist,2
Dose of Dawnglow,2
"Grub, Storied Matriarch",2
Moonshadow,2
Requiting Hex,2
Shimmercreep,2
Twilight Diviner,2
Collective Inferno,2
Elder Auntie,2
End-Blaze Epiphany,2
Explosive Prodigy,2
Flamebraider,2
Giantfall,2
Meek Attack,2
Scuzzback Scrounger,2
Spinerock Tyrant,2
Blossoming Defense,2
Bristlebane Outrider,2
Lys Alana Informant,2
Morcant's Eyes,2
Prismatic Undercurrents,2
Vinebred Brawler,2
Eclipsed Elf,2
Eclipsed Kithkin,2
Eclipsed Merrow,2
Hovel Hurler,2
Noggle Robber,2
Reaping Willow,2
Thoughtweft Lieutenant,2
Vibrance,2
Wistfulness,2
Chronicle of Victory,2
Dawn-Blessed Pennant,2
Thriving Moor,2
Machinist's Dismissal,2
Wastes,2
Force of Will,2
Wastes,2
"Leonardo, Sewer Samurai",2
"Donatello, Way with Machines",2
"Kitsune, Dragon's Daughter",2
Mondo Gecko,2
Paramecia Coloniex,2
"Rat King, Verminister",2
"Shark Shredder, Killer Clone",2
Broadcast Takeover,2
"Slash, Reptile Rampager",2
"Mutagen Man, Living Ooze",2
West Wind Avatar,2
Go Ninja Go,2
Krang & Shredder,2
The Last Ronin,2
"Mikey & Don, Party Planners",2
"Mikey & Leo, Chaos & Order",2
Chrome Dome,2
Turtle Van,2
Mutant Town,2
Northampton Farm,2
All Will Be One,2
Arcbound Ravager,2
Conqueror's Flail,2
Umezawa's Jitte,2
Thoughtsteal Sprites,2
Wildgrove Summoner,2
Circadian Struggle,2
Elvish Elegy,2
The Grand Goatnapper,2
"Pep, Raucous Raider",2
Perennial Gravewarden,2
Together as One,2
Emeritus of Truce,2
"Ennis, Debate Moderator",2
Stand Up for Yourself,2
Encouraging Aviator,2
Fractalize,2
Mathemagics,2
Skycoach Conductor,2
Wisdom of Ages,2
Tragedy Feaster,2
Archaic's Agony,2
Blazing Firesinger,2
Choreographed Sparks,2
Emeritus of Conflict,2
Flashback,2
Living History,2
Maelstrom Artisan,2
"Mica, Reader of Ruins",2
Unsubtle Mockery,2
Additive Evolution,2
Chelonian Tackle,2
Comforting Counsel,2
Emeritus of Abundance,2
Vastlands Scavenger,2
Abstract Paintmage,2
Ark of Hunger,2
"Berta, Wise Extrapolator",2
Bogwater Lumaret,2
Colossus of the Blood Age,2
Dina's Guidance,2
Fractal Tender,2
"Kirol, History Buff",2
Moment of Reckoning,2
"Nita, Forum Conciliator",2
Prismari Charm,2
"Prismari, the Inspiration",2
Rapturous Moment,2
"Silverquill, the Disputant",2
Spectacular Skywhale,2
Traumatic Critique,2
Deathcap Glade,2
Prismatic Ending,2
Force of Will,2
Return the Favor,2
Bilbo's Gambit,2
Celebrate the Mountain-king,2
"Dáin, Lord of the Iron Hills",2
Iron Hills Blacksmith,2
Lake-town Toymaker,2
The Queen of Dale,2
Stone by Sunlight,2
Most Decrepit Old Bird,2
Old Fat Spider Can't See Me,2
Ravenhill Flock,2
Uncover the Moon-Letters,2
Uneasy Partings,2
Wizard's Staff,2
Gnashing of Teeth,2
"Gollum, Riddle Master",2
Gollum the Abandoned,2
Head of the Hunt,2
Inside Information,2
Desolation of Smaug,2
Last Light of Durin's Day,2
Smaug the Magnificent,2
Bejeweled Warg,2
Down in the Valley,2
Gigantic Big Bear,2
Mirkwood Pathmaker,2
Part in Friendship,2
Troll Negotiations,2
Dáin's Company,2
"Dwalin, Weaponmaster",2
Fearsome Goblin Pair,2
"Smaug, Wicked Worm",2
Thorin Oakenshield,2
"Thranduil, Sindarin Liege",2
"Tom, Bert, and William",2
"Sting, Bilbo's Sword",2
The Lonely Mountain,2
Variable Solutions,2
Advanced Floral Invocations,2
Scalar Scholar,2
Rite of Replication,2
"Agent 13, Sharon Carter",2
Agent Phil Coulson,2
"Captain America, Super-Soldier",2
"Captain Mar-Vell, Space-Born",2
Jennifer Walters,2
The Mind Stone,2
Political Triumph,2
"Quake, Agent of S.H.I.E.L.D.",2
"The Sentry, Golden Guardian",2
"Echo, Perceptive Prodigy",2
"Falcon, Winged Wonder",2
"Ms. Marvel, Kamala Khan",2
Multiversal Incursion,2
"Shuri, Wakandan Inventor",2
"Stature, Size Shifter",2
The Wondrous Wasp,2
Dark Deed,2
"Moonstone, Harsh Mistress",2
Thunderbolts Conspiracy,2
Avengers Disassembled,2
Death to Our Enemies,2
Evil's Thrall,2
"Hawkeye, Master Marksman",2
"Hawkeye, Young Avenger",2
"Jessica Jones, Private Eye",2
"Misty Knight, Hero for Hire",2
Team Tactics,2
"Thor, God of Thunder",2
Heroic Feast,2
"She-Hulk, Jade Defender",2
"Tigra, Feline Fury",2
Training Regimen,2
"White Tiger, Ava Ayala",2
Absorbing Man,2
"Ant-Man, Colony Commander",2
"Beast, Erudite Aerialist",2
"Hulk, Gamma Goliath",2
"Killmonger, Scourge of Wakanda",2
Madame Hydra,2
"The Mighty Thor, Jane Foster",2
The Ruinous Wrecking Crew,2
Scientist Supreme of A.I.M.,2
"Storm, Windrider",2
"Taskmaster, Mercenary Mimic",2
"U.S.Agent, John Walker",2
Cosmic Cube,2
Villainous Hideout,2
Light of Promise,2
Daily Bugle Reporters,2
Flying Octobot,2
Robotics Mastery,2
Whoosh!,2
Inner Demons Gangsters,2
The Spot's Portal,2
"Venom, Evil Unleashed",2
Venomized Cat,2
"Hobgoblin, Mantled Marauder",2
Masked Meower,2
Stegron the Dinosaur Man,2
Taxi Driver,2
Lurking Lizards,2
Scout the City,2
Gallant Citizen,2
Mob Lookout,2
Pumpkin Bombardment,2
"Spider-Gwen, Free Spirit",2
"Tombstone, Career Criminal",2
Thriving Moor,2
Crib Swap,3
Cancel,3
Sandsteppe Citadel,3
Roast,3
Cancel,3
Chart a Course,3
Dive Down,3
Sure Strike,3
Jungle Delver,3
Waterknot,3
"Etali, Primal Storm",3
"Ghalta, Primal Hunger",3
Tolarian Scholar,3
Grow from the Ashes,3
Cancel,3
Exclusion Mage,3
Tolarian Scholar,3
Abnormal Endurance,3
Sovereign's Bite,3
Vampire Neonate,3
Crash Through,3
Sure Strike,3
Rabid Bite,3
Gearsmith Guardian,3
Shivan Dragon,3
Waterknot,3
Sure Strike,3
Generous Stray,3
Boros Guildgate,3
Boros Guildgate,3
Sacred Foundry,3
Waterknot,3
Impassioned Orator,3
Prowling Caracal,3
Twilight Panther,3
Prying Eyes,3
Skitter Eel,3
Catacomb Crocodile,3
Drill Bit,3
Undercity's Embrace,3
Burn Bright,3
Gruul Locket,3
Stomping Ground,3
"Liliana, Dreadhorde General",3
Unlikely Aid,3
Cloudkin Seer,3
Warden of Evos Isle,3
Sanitarium Skeleton,3
"Drakuseth, Maw of Flames",3
Rabid Bite,3
Waterkin Shaman,3
Savage Gorger,3
Impassioned Orator,3
Prowling Caracal,3
Shivan Dragon,3
"Ghalta, Primal Hunger",3
Bake into a Pie,3
Lash of Thorns,3
Malevolent Noble,3
"Syr Konrad, the Grim",3
Curious Pair,3
Fell the Pheasant,3
Return of the Wildspeaker,3
Unlikely Aid,3
Ram Through,3
Cancel,3
Burn Bright,3
Crash Through,3
Sure Strike,3
Wildwood Scourge,3
Chart a Course,3
Exclusion Mage,3
Warden of Evos Isle,3
Waterknot,3
Bake into a Pie,3
Crow of Dark Tidings,3
Sanitarium Skeleton,3
Vampire Neonate,3
"Etali, Primal Storm",3
"Ghalta, Primal Hunger",3
Rabid Bite,3
Crash Through,3
Annul,3
Impassioned Orator,3
Cloudkin Seer,3
Warden of Evos Isle,3
Waterkin Shaman,3
Waterknot,3
Malakir Cullblade,3
Sanitarium Skeleton,3
Savage Gorger,3
Unlikely Aid,3
Burn Bright,3
Tin Street Cadet,3
Generous Stray,3
Jungle Delver,3
Rabid Bite,3
Cancel,3
Glimmer of Genius,3
Fatal Push,3
Curate,3
Campus Guide,3
Verdant Catacombs,3
Counterspell,3
Vampire Interloper,3
Play with Fire,3
Sure Strike,3
Dreamroot Cascade,3
Tamiyo's Safekeeping,3
Teachings of the Kirin,3
"Giada, Font of Hope",3
Make Disappear,3
Resolute Reinforcements,3
Shore Up,3
Liliana of the Veil,3
"Sheoldred, the Apocalypse",3
"Garna, Bloodfist of Keld",3
Adarkar Wastes,3
Deadly Riposte,3
Curate,3
Carrion Locust,3
Blanchwood Prowler,3
Phyrexian Vindicator,3
Distorted Curiosity,3
Cruel Grimnarch,3
Drown in Ichor,3
Sheoldred's Edict,3
"Vraan, Executioner Thane",3
Contagious Vorrac,3
Rustvine Cultivator,3
Tyvar's Stand,3
Unnatural Restoration,3
Venomous Brutalizer,3
Lonely End,3
Blot Out,3
"Nissa, Resurgent Animist",3
Crow of Dark Tidings,3
Sanitarium Skeleton,3
Rabid Bite,3
Barrow Naughty,3
Gumdrop Poisoner,3
Mintstrosity,3
Sweettooth Witch,3
Flick a Coin,3
Witchstalker Frenzy,3
Blossoming Tortoise,3
Redtooth Vanguard,3
Rootrider Faun,3
Callous Sell-Sword,3
Picnic Ruiner,3
Restless Cottage,3
Deconstruction Hammer,3
Get Lost,3
Guardian of the Great Door,3
Mischievous Pup,3
Chart a Course,3
Burning Sun Cavalry,3
Dowsing Device,3
Tectonic Hazard,3
Armored Kincaller,3
"Ghalta, Stampede Tyrant",3
Huatli's Final Strike,3
Ixalli's Lorekeeper,3
Caparocti Sunborn,3
Swashbuckler's Whip,3
Cavern of Souls,3
Echoing Deeps,3
Griffnaut Tracker,3
Marketwatch Phantom,3
Novice Inspector,3
Perimeter Enforcer,3
Soul Enervation,3
Demand Answers,3
Archdruid's Charm,3
Wispdrinker Vampire,3
Break Out,3
Undercover Crocodelf,3
Bovine Intervention,3
Outlaw Medic,3
Vengeful Townsfolk,3
Failed Fording,3
Razzle-Dazzler,3
Nezumi Linkbreaker,3
Raven of Fell Omens,3
Rush of Dread,3
Cunning Coyote,3
Deadeye Duelist,3
Demonic Ruckus,3
Bristlepack Sentry,3
Outcaster Greenblade,3
At Knifepoint,3
"Obeka, Splitter of Seconds",3
"Vial Smasher, Gleeful Grenadier",3
Greed's Gambit,3
Bristlebud Farmer,3
Repel Calamity,3
Seasoned Warrenguard,3
Valley Questcaller,3
Otterball Antics,3
Pearl of Wisdom,3
Shore Up,3
"Maha, Its Feathers Night",3
Quaketusk Boar,3
Bushy Bodyguard,3
"Lumra, Bellow of the Woods",3
Peerless Recycling,3
"Helga, Skittish Seer",3
"Mabel, Heir to Cragflame",3
Rabid Bite,3
Enduring Innocence,3
Split Up,3
Unsettling Twins,3
Ghostly Keybearer,3
Enduring Tenacity,3
Clockwork Percussionist,3
Enduring Courage,3
Fear of Burning Alive,3
Grab the Prize,3
Overlord of the Boilerbilges,3
Rampaging Soulrager,3
Defiant Survivor,3
Grasping Longneck,3
Greenhouse // Rickety Gazebo,3
Insidious Fungus,3
"Kona, Rescue Beastie",3
"Tyvar, the Pummeler",3
Walk-In Closet // Forgotten Cellar,3
Thornspire Verge,3
Dawnwing Marshal,3
Exsanguinate,3
Cloudkin Seer,3
Exclusion Mage,3
Warden of Evos Isle,3
Waterkin Shaman,3
Armored Kincaller,3
Jungle Delver,3
Play with Fire,3
Deadly Riposte,3
"Giada, Font of Hope",3
"Ghalta, Primal Hunger",3
Deadly Riposte,3
Cancel,3
Exclusion Mage,3
Crow of Dark Tidings,3
Vampire Interloper,3
Vampire Neonate,3
"Arahbo, the First Fang",3
Cat Collector,3
Crystal Barricade,3
Dauntless Veteran,3
Archmage of Runes,3
Elementalist Adept,3
Erudite Wizard,3
High Fae Trickster,3
Icewind Elemental,3
Refute,3
"Tinybones, Bauble Burglar",3
"Zul Ashur, Lich Lord",3
"Chandra, Flameshaper",3
Searslicer Goblin,3
Slumbering Cerberus,3
Sower of Chaos,3
Apothecary Stomper,3
Cackling Prowler,3
Eager Trufflesnout,3
"Loot, Exuberant Explorer",3
Needletooth Pack,3
Quakestrider Ceratops,3
Quilled Greatwurm,3
Sylvan Scavenging,3
Fiendish Panda,3
"Kykar, Zephyr Awakener",3
"Niv-Mizzet, Visionary",3
Scrawling Crawler,3
Angel of Finality,3
"Giada, Font of Hope",3
Mischievous Pup,3
Resolute Reinforcements,3
Bake into a Pie,3
Exsanguinate,3
"Liliana, Dreadhorde General",3
"Drakuseth, Maw of Flames",3
"Etali, Primal Storm",3
Shivan Dragon,3
Sure Strike,3
"Ghalta, Primal Hunger",3
Grow from the Ashes,3
Wildwood Scourge,3
Consuming Aberration,3
Campus Guide,3
Crusader of Odric,3
Dawnwing Marshal,3
Stasis Snare,3
Chart a Course,3
Dive Down,3
Tribute to Hunger,3
Crash Through,3
"Garna, Bloodfist of Keld",3
Boros Guildgate,3
Gatekeeper of Malakir,3
Unflinching Courage,3
Stasis Snare,3
Sanitarium Skeleton,3
Unflinching Courage,3
Boros Guildgate,3
Alacrian Armory,3
Cloudspire Captain,3
Pride of the Road,3
Aether Syphon,3
Diversion Unit,3
Riverchurn Monument,3
Spectral Interference,3
The Last Ride,3
Shefet Archfiend,3
The Speed Demon,3
Full Throttle,3
Marauding Mako,3
Elvish Refueler,3
Fang Guardian,3
Greenbelt Guardian,3
Molt Tender,3
Ooze Patrol,3
Plow Through,3
Boom Scholar,3
"Captain Howler, Sea Scourge",3
Cloudspire Coordinator,3
Debris Beetle,3
Embalmed Ascendant,3
Fearless Swashbuckler,3
"Loot, the Pathfinder",3
Rocketeer Boostbuggy,3
"Sab-Sunen, Luxa Embodied",3
Racers' Scoreboard,3
Radiant Lotus,3
Rover Blades,3
Amonkhet Raceway,3
Starry-Eyed Skyrider,3
Corroding Dragonstorm,3
Rite of Renewal,3
Defibrillating Current,3
Dragonback Assault,3
Mammoth Bellow,3
Perennation,3
Sonic Shrieker,3
Twinmaw Stormbrood,3
Mox Jasper,3
Sandsteppe Citadel,3
Verdant Catacombs,3
Summon: Bahamut,3
Aerith Gainsborough,3
Ambrosia Whiteheart,3
"Ashe, Princess of Dalmasca",3
Crystal Fragments,3
"Minwu, White Mage",3
The Wind Crystal,3
Astrologian's Planisphere,3
Cargo Ship,3
"Edgar, King of Figaro",3
Summon: Leviathan,3
The Darkness Crystal,3
Demon Wall,3
The Final Days,3
"Jecht, Reluctant Guardian",3
Phantom Train,3
Reno and Rude,3
Summon: Anima,3
Summon: Primal Odin,3
"Clive, Ifrit's Dominant",3
Coral Sword,3
Queen Brahne,3
Random Encounter,3
Sidequest: Play Blitzball,3
Sorceress's Schemes,3
Summon: Brynhildr,3
Triple Triad,3
Summon: Titan,3
Tifa's Limit Break,3
"Garland, Knight of Cornelia",3
"Lightning, Army of One",3
"Shantotto, Tactician Magician",3
"Terra, Magical Adept",3
Buster Sword,3
Excalibur II,3
The Regalia,3
Clive's Hideaway,3
"Ishgard, the Holy See",3
"Lindblum, Industrial Regency",3
"Midgar, City of Mako",3
"Zanarkand, Ancient Metropolis",3
Counterspell,3
Fatal Push,3
"Syr Konrad, the Grim",3
Akroma's Will,3
Wall of Omens,3
Laboratory Maniac,3
Fuel Tank Feaster,3
Rising Chicane,3
Anticausal Vestige,3
Dual-Sun Adepts,3
Hardlight Containment,3
Honor,3
Lightstall Inquisitor,3
Pulsar Squadron Ace,3
Starfield Shepherd,3
Wedgelight Rammer,3
Annul,3
Gigastorm Titan,3
Mechan Navigator,3
Starfield Vocalist,3
"Alpharael, Stonechosen",3
Blade of the Swarm,3
Fell Gravship,3
Lightless Evangel,3
Monoist Circuit-Feeder,3
Scrounge for Eternity,3
Susurian Voidborn,3
Drill Too Deep,3
Kavaron Harrier,3
Rust Harvester,3
Terminal Velocity,3
Eumidian Terrabotanist,3
Lashwhip Predator,3
Loading Zone,3
Pull Through the Weft,3
Seedship Agrarian,3
Seedship Impact,3
Sledge-Class Seedship,3
Tapestry Warden,3
"Alpharael, Dreaming Acolyte",3
Biomechan Engineer,3
"Sami, Ship's Engineer",3
"Sami, Wildcat Captain",3
Singularity Rupture,3
Station Monitor,3
"Syr Vondam, the Lucent",3
"Dawnsire, Sunstar Dreadnought",3
The Dominion Bracelet,3
Pinnacle Kill-Ship,3
Survey Mechan,3
Wurmwall Sweeper,3
"Adagia, Windswept Bastion",3
Sacred Foundry,3
Secluded Starforge,3
Stomping Ground,3
Song of Seasons,3
Echoing Deeps,3
Airbender's Reversal,3
Airbending Lesson,3
"Appa, Loyal Sky Bison",3
Benevolent River Spirit,3
Ember Island Production,3
Giant Koi,3
Master Pakku,3
Otter-Penguin,3
Hog-Monkey,3
How to Start a Riot,3
Jet's Brainwashing,3
Solstice Revelations,3
Earthbender Ascension,3
Raucous Audience,3
True Ancestry,3
Unlucky Cabbage Merchant,3
Air Nomad Legacy,3
Platypus-Bear,3
Pretending Poxbearers,3
White Lotus Reinforcements,3
Exsanguinate,3
"Spider-Man, Web-Slinger",3
Sudden Strike,3
"Beetle, Legacy Criminal",3
"Spider-Byte, Web Warden",3
The Death of Gwen Stacy,3
Scorpion's Sting,3
Villainous Wrath,3
Heroes' Hangout,3
Spider-Islanders,3
Kraven's Last Hunt,3
"Sun-Spider, Nimble Webber",3
Hot Dog Cart,3
"Living Brain, Mechanical Marvel",3
Suburban Sanctuary,3
Counterspell,3
Crib Swap,3
Keep Out,3
Slumbering Walker,3
Wanderbrine Preacher,3
Wanderbrine Trapper,3
Flitterwing Nuisance,3
Shinestriker,3
Iron-Shield Elf,3
Retched Wretch,3
Unbury,3
Gristle Glutton,3
Hexing Squelcher,3
Lasting Tarfire,3
Sizzling Changeling,3
Soul Immolation,3
Sourbread Auntie,3
Champions of the Perfect,3
Chomping Changeling,3
Dundoolin Weaver,3
Luminollusk,3
Shimmerwilds Growth,3
Spry and Mighty,3
Deceit,3
Twinflame Travelers,3
Voracious Tome-Skimmer,3
Gathering Stone,3
Mirrormind Crown,3
Return of the Wildspeaker,3
"Agent Bishop, Man in Black",3
The Last Ronin's Technique,3
Leader's Talent,3
"Leonardo, Cutting Edge",3
"Sally Pride, Lioness Leader",3
Bespoke Bō,3
Fugitive Droid,3
"Krang, Master Mind",3
Ooze Spill,3
Ninja Teen,3
"Casey Jones, Vigilante",3
Cool but Rude,3
"Old Hob, Alleycat Blues",3
"Raphael, Ninja Destroyer",3
Raphael's Technique,3
Ravenous Robots,3
Courier of Comestibles,3
"Leatherhead, Swamp Stalker",3
"Michelangelo, Weirdness to 11",3
"Mona Lisa, Science Geek",3
Saved by the Shell,3
Turtle Power!,3
Bebop & Rocksteady,3
Dark Leo & Shredder,3
"Raph & Leo, Sibling Rivals",3
"Splinter, Radical Rat",3
Dimension X,3
Illegitimate Business,3
Current Curriculum,3
Opulent Clomper,3
The Dawning Archaic,3
Daydream,3
Erode,3
Harsh Annotation,3
Restoration Seminar,3
Soaring Stoneglider,3
Brush Off,3
Chase Inspiration,3
Homesickness,3
Mana Sculpt,3
Tester of the Tangential,3
Grave Researcher,3
Leech Collector,3
"Moseo, Vein's New Dean",3
Poisoner's Apprentice,3
Postmortem Professor,3
Rabid Attack,3
"Ral Zarek, Guest Lecturer",3
Charging Strifeknight,3
Duel Tactics,3
Steal the Show,3
Snarl Song,3
"Abigale, Poet Laureate",3
Borrowed Knowledge,3
Cauldron of Essence,3
Elemental Mascot,3
Embrace the Paradox,3
Growth Curve,3
Killian's Confidence,3
"Lluwen, Exchange Student",3
Mind into Matter,3
Mind Roots,3
Proctor's Gaze,3
Quandrix Charm,3
Silverquill Charm,3
Stress Dream,3
Vibrant Outburst,3
Vicious Rivalry,3
Zaffai and the Tempests,3
Dreamroot Cascade,3
Paradox Gardens,3
Titan's Grave,3
Akroma's Will,3
Repel Calamity,3
Sheoldred's Edict,3
Long-Bodied Grey Dog,3
"Bofur, Reliable Guardian",3
Eagle of the Great Shelf,3
The Mountain-king's Return,3
"Bilbo, Luckwearer",3
Confusticate and Bebother,3
Elven Raft-Steerer,3
Sound the Trumpets,3
Thranduil's Decree,3
Desolation Prowler,3
"Down, Down to Goblin-town",3
Great Fierce Bee,3
Great Ugly-Looking Goblin,3
Nighthowl Pursuer,3
"Bombur, Gentle Dreamer",3
Bothersome Noisemaker,3
Dwarven Mauler,3
Smaug's Fury,3
Guardian of the Halls,3
Woodland Weavemaster,3
"Bifur, Melodic Rider",3
The Chief Warg,3
Large Bear,3
The Black Arrow,3
Dwarven Mattock,3
"Glamdring, Foe-hammer",3
Key to the Side-Door,3
Thrór's Map,3
Counterspell,3
"Captain America, Wings of Freedom",3
"Luke Cage, Power Man",3
"Ironheart, Clever Champion",3
Kid Loki,3
"Loki, God of Mischief",3
S.H.I.E.L.D. Flying Car,3
"Baron Strucker, HYDRA Overlord",3
"Crossbones, Malicious Mercenary",3
Doctor Doom,3
"Elektra, Daughter of the Hand",3
"Swordsman, Sharp Scoundrel",3
"Yellowjacket, Heartless Marauder",3
Loki Laufeyson,3
"Mjölnir, Hammer of Thor",3
"Quicksilver, Brash Blur",3
Red Hulk,3
"Speed, Young Avenger",3
Claim the Kingdom,3
Epic Fight,3
Knight of Wundagore,3
"Mister Hyde, Monster Within",3
"Rick Jones, Destined Sidekick",3
Alien Invasion,3
"Black Panther, Vanguard",3
"Black Widow, Double Agent",3
"Captain America, Living Legend",3
"Speedball, New Warrior",3
Thor Odinson,3
"Titania, Rugged Rumbler",3
Arc Reactor,3
H.E.R.B.I.E. Scout Unit,3
The Ten Rings,3
"Viv Vision, Teen Synthezoid",3
Asgardian Citadel,3
Avengers Tower,3
Training Compound,3
Counterspell,3
"Spider-Man, Web-Slinger",3
Sudden Strike,3
Heroes' Hangout,3
"A-Kona, Rescue Beastie",3
Hidetsugu's Second Rite,4
Nameless Inversion,4
Negate,4
Soul Warden,4
Ethereal Armor,4
Elvish Mystic,4
Hero's Downfall,4
Ainok Bond-Kin,4
Disdainful Stroke,4
Monastery Swiftspear,4
Archers' Parapet,4
Scout the Borders,4
Bloodfell Caves,4
Blossoming Sands,4
Dismal Backwater,4
Frontier Bivouac,4
Jungle Hollow,4
Mystic Monastery,4
Nomad Outpost,4
Rugged Highlands,4
Scoured Barrens,4
Swiftwater Cliffs,4
Thornwood Falls,4
Tranquil Cove,4
Wind-Scarred Crag,4
Zulaport Cutthroat,4
Opt,4
Spell Pierce,4
Duress,4
Captain Lannery Storm,4
Lightning Strike,4
Nest Robber,4
Negate,4
Moment of Craving,4
Bombard,4
Fanatical Firebrand,4
Gleaming Barrier,4
Evolving Wilds,4
"Danitha Capashen, Paragon",4
Serra Angel,4
Opt,4
Syncopate,4
Ghitu Lavarunner,4
Llanowar Elves,4
"Tatyova, Benthic Druid",4
Ajani's Pridemate,4
Leonin Vanguard,4
Essence Scatter,4
Omniscience,4
Child of Night,4
Diregraf Ghoul,4
Duress,4
Infectious Horror,4
Macabre Waltz,4
Mind Rot,4
Murder,4
Reassembling Skeleton,4
Skeleton Archer,4
Strangling Spores,4
Walking Corpse,4
Lightning Strike,4
Shock,4
Viashino Pyromancer,4
Blanchwood Armor,4
Druid of the Cowl,4
Titanic Growth,4
Vivien Reid,4
Heroic Reinforcements,4
Meteor Golem,4
Llanowar Elves,4
Healer's Hawk,4
Disdainful Stroke,4
Burglar Rat,4
Child of Night,4
Beast Whisperer,4
Dimir Guildgate,4
Dimir Guildgate,4
Golgari Guildgate,4
Golgari Guildgate,4
Izzet Guildgate,4
Izzet Guildgate,4
Selesnya Guildgate,4
Selesnya Guildgate,4
Tactical Advantage,4
Serra Angel,4
Coral Commando,4
Goblin Gathering,4
Light Up the Stage,4
Mortify,4
Azorius Guildgate,4
Azorius Guildgate,4
Gruul Guildgate,4
Gruul Guildgate,4
Orzhov Guildgate,4
Orzhov Guildgate,4
Rakdos Guildgate,4
Rakdos Guildgate,4
Simic Guildgate,4
Simic Guildgate,4
Ajani's Pridemate,4
Charmed Stray,4
Giant Growth,4
Dovin's Veto,4
Orzhov Guildgate,4
Simic Guildgate,4
Llanowar Elves,4
Angel of Vitality,4
Pacifism,4
Negate,4
Spectral Sailor,4
Unsummon,4
Duress,4
Mind Rot,4
Murder,4
Shock,4
Empyrean Eagle,4
Meteor Golem,4
Bloodfell Caves,4
Blossoming Sands,4
Dismal Backwater,4
Evolving Wilds,4
Jungle Hollow,4
Rugged Highlands,4
Scoured Barrens,4
Swiftwater Cliffs,4
Thornwood Falls,4
Tranquil Cove,4
Wind-Scarred Crag,4
Gnarlback Rhino,4
Skeleton Archer,4
Walking Corpse,4
Titanic Growth,4
Duress,4
Opt,4
Run Away Together,4
Scorching Dragonfire,4
Thrill of Possibility,4
Gingerbrute,4
Fabled Passage,4
Wind-Scarred Crag,4
Thornwood Falls,4
Arcane Signet,4
Command Tower,4
Banishing Light,4
Thrill of Possibility,4
Ilysian Caryatid,4
Nessian Hornbeetle,4
Soul-Guide Lantern,4
Pacifism,4
Aegis Turtle,4
Essence Scatter,4
Ruinous Ultimatum,4
Bloodfell Caves,4
Blossoming Sands,4
Dismal Backwater,4
Evolving Wilds,4
Jungle Hollow,4
Rugged Highlands,4
Scoured Barrens,4
Swiftwater Cliffs,4
Thornwood Falls,4
Tranquil Cove,4
Wind-Scarred Crag,4
Graveshifter,4
Springbloom Druid,4
Good-Fortune Unicorn,4
Opt,4
Duress,4
Mind Rot,4
Skeleton Archer,4
Walking Corpse,4
Heartfire Immolator,4
Scorching Dragonfire,4
Shock,4
Thrill of Possibility,4
Cultivate,4
Titanic Growth,4
Solemn Simulacrum,4
Bloodfell Caves,4
Blossoming Sands,4
Dismal Backwater,4
Fabled Passage,4
Jungle Hollow,4
Rugged Highlands,4
Scoured Barrens,4
Swiftwater Cliffs,4
Thornwood Falls,4
Tranquil Cove,4
Wind-Scarred Crag,4
Healer's Hawk,4
Pacifism,4
Serra Angel,4
Aegis Turtle,4
Spectral Sailor,4
Thirst for Knowledge,4
Burglar Rat,4
Child of Night,4
Last Gasp,4
Macabre Waltz,4
Rise of the Dark Realms,4
Sengir Vampire,4
Dragon Fodder,4
Fanatical Firebrand,4
Craterhoof Behemoth,4
Dwynen's Elite,4
Nessian Hornbeetle,4
Primeval Bounty,4
Chromatic Sphere,4
Gingerbrute,4
Meteor Golem,4
Terramorphic Expanse,4
Felidar Retreat,4
Negate,4
Feed the Swarm,4
Marauding Blight-Priest,4
Broken Wings,4
Gnarlid Colony,4
Roiling Regrowth,4
Essence Scatter,4
Demonic Pact,4
Abrade,4
Firebrand Archer,4
Evolving Wilds,4
Banishing Light,4
Lightning Strike,4
Scorching Dragonfire,4
Disdainful Stroke,4
Axgard Cavalry,4
Seize the Spoils,4
Broken Wings,4
"Fynn, the Fangbearer",4
Snakeskin Veil,4
Goldvein Pick,4
Youthful Valkyrie,4
Angel of Vitality,4
Charmed Stray,4
Hallowed Priest,4
Pacifism,4
Serra Angel,4
Tactical Advantage,4
Unsummon,4
Compound Fracture,4
Murder,4
Sengir Vampire,4
Skeleton Archer,4
Bombard,4
Goblin Gathering,4
Nest Robber,4
Shock,4
Baloth Packhunter,4
Ilysian Caryatid,4
Titanic Growth,4
Evolving Wilds,4
Child of Night,4
Llanowar Elves,4
Authority of the Consuls,4
Gearseeker Serpent,4
Mind Rot,4
Druid of the Cowl,4
Inspiring Vantage,4
Evolving Wilds,4
Strixhaven Stadium,4
Deadly Dispute,4
Evolving Wilds,4
Brainstorm,4
Negate,4
Opt,4
Duress,4
Lightning Bolt,4
Shock,4
Thrill of Possibility,4
Cultivate,4
Snakeskin Veil,4
Delver of Secrets,4
Otherworldly Gaze,4
Duress,4
Eaten Alive,4
Reckless Stormseeker,4
Evolving Wilds,4
Syncopate,4
Hero's Downfall,4
Undying Malice,4
Abrade,4
Ancestral Anger,4
Evolving Wilds,4
Ainok Bond-Kin,4
Arcane Signet,4
Command Tower,4
Spell Pierce,4
Thirst for Knowledge,4
Virus Beetle,4
Experimental Synthesizer,4
Kumano Faces Kakkazan,4
Bloodfell Caves,4
Blossoming Sands,4
Dismal Backwater,4
Jungle Hollow,4
Rugged Highlands,4
Scoured Barrens,4
Swiftwater Cliffs,4
Thornwood Falls,4
Tranquil Cove,4
Wind-Scarred Crag,4
Inspiring Overseer,4
Disdainful Stroke,4
Witness Protection,4
Corrupt Court Official,4
Fake Your Own Death,4
Murder,4
Broken Wings,4
Deadly Dispute,4
Meteor Golem,4
Take Up the Shield,4
Temporary Lockdown,4
Essence Scatter,4
Negate,4
Tolarian Terror,4
Cut Down,4
Electrostatic Infantry,4
Lightning Strike,4
Phoenix Chick,4
Thrill of Possibility,4
Bite Down,4
Broken Wings,4
Llanowar Loamspeaker,4
Tear Asunder,4
"Balmor, Battlemage Captain",4
Recruitment Officer,4
Fallaji Archaeologist,4
Go for the Throat,4
Monastery Swiftspear,4
Audacity,4
Blanchwood Armor,4
Bushwhack,4
Citanul Stalwart,4
Giant Growth,4
Battlefield Forge,4
Evolving Wilds,4
Soul-Guide Lantern,4
A-Gnarlid Colony,4
Experimental Augury,4
Prologue to Phyresis,4
Anoint with Affliction,4
Bilious Skulldweller,4
Blightbelly Rat,4
Duress,4
Infectious Inquiry,4
Necrogen Communion,4
Vraska's Fall,4
Whisper of the Dross,4
Blazing Crescendo,4
Cacophony Scamp,4
Thrill of Possibility,4
Evolving Adaptive,4
Titanic Growth,4
Voidwing Hybrid,4
Seachrome Coast,4
Terramorphic Expanse,4
Ephara's Dispersal,4
Invasion of Arcavios,4
Moment of Truth,4
Negate,4
Temporal Cleansing,4
Corrupted Conviction,4
Unseal the Necropolis,4
Lithomantic Barrage,4
Invasion of Zendikar,4
Tribute to the World Tree,4
Wary Thespian,4
Bloodfell Caves,4
Blossoming Sands,4
Dismal Backwater,4
Jungle Hollow,4
Rugged Highlands,4
Scoured Barrens,4
Swiftwater Cliffs,4
Thornwood Falls,4
Tranquil Cove,4
Wind-Scarred Crag,4
Coppercoat Vanguard,4
Captain Lannery Storm,4
"Fynn, the Fangbearer",4
Macabre Waltz,4
Evolving Wilds,4
Spellbook Vendor,4
Stroke of Midnight,4
Disdainful Stroke,4
Mocking Sprite,4
Quick Study,4
Sleight of Hand,4
The End,4
Hopeless Nightmare,4
Virtue of Persistence,4
Monstrous Rage,4
Royal Treatment,4
Titanic Growth,4
Up the Beanstalk,4
"Ruby, Daring Tracker",4
Gingerbread Hunter,4
Mosswood Dreadknight,4
Gingerbrute,4
Soul-Guide Lantern,4
Evolving Wilds,4
Omniscience,4
Abuelo's Awakening,4
Attentive Sunscribe,4
Clay-Fired Bricks,4
Dusk Rose Reliquary,4
Helping Hand,4
Ruin-Lurker Bat,4
Spring-Loaded Sawblades,4
Thousand Moons Smithy,4
Braided Net,4
Confounding Riddle,4
Lodestone Needle,4
Spyglass Siren,4
Bitter Triumph,4
Deep Goblin Skulltaker,4
Deep-Cavern Bat,4
Greedy Freebooter,4
Preacher of the Schism,4
Skullcap Snail,4
Tithing Blade,4
Abrade,4
Dinotomaton,4
Etali's Favor,4
Rampaging Ceratops,4
Cenote Scout,4
Glimpse the Core,4
Pathfinding Axejaw,4
Poison Dart Frog,4
"Kellan, Daring Traveler",4
Restless Prairie,4
Bloodletter of Aclazotz,4
Bloodghast,4
Case of the Uneaten Feast,4
Make Your Move,4
Agency Outfitter,4
Candlestick,4
Deduce,4
Hotshot Investigators,4
Jaded Analyst,4
Projektor Inspector,4
Cerebral Confiscation,4
Leering Onlooker,4
Murder,4
Persuasive Interrogators,4
Shock,4
Aftermath Analyst,4
Flourishing Bloom-Kin,4
Hard-Hitting Question,4
Pick Your Poison,4
Rubblebelt Maverick,4
Buried in the Garden,4
Escape Tunnel,4
Hedge Maze,4
Meticulous Archive,4
Scene of the Crime,4
Cogwork Progenitor,4
Requisition Raid,4
Take Up the Shield,4
Phantom Interference,4
Seize the Secrets,4
Three Steps Ahead,4
Ambush Gigapede,4
Blood Hustler,4
Corrupted Conviction,4
Fake Your Own Death,4
Forsaken Miner,4
"Kaervek, the Punisher",4
Shoot the Sheriff,4
"Tinybones, the Pickpocket",4
Treasure Dredger,4
Magebane Lizard,4
Slickshot Show-Off,4
Aloe Alchemist,4
Ankle Biter,4
"Bristly Bill, Spine Sower",4
Hardbristle Bandit,4
Snakeskin Veil,4
Abraded Bluffs,4
Bristling Backwoods,4
Conduit Pylons,4
Creosote Heath,4
Eroded Canyon,4
Forlorn Flats,4
Jagged Barrens,4
Lonely Arroyo,4
Lush Oasis,4
Soured Springs,4
Inspiring Vantage,4
Simulacrum Synthesizer,4
Murder,4
Buried in the Garden,4
A-Llanowar Loamspeaker,4
Banishing Light,4
Essence Channeler,4
Feather of Flight,4
Flowerfoot Swordmaster,4
Hop to It,4
Lifecreed Duo,4
Mouse Trapper,4
Into the Flood Maw,4
Lightshell Duo,4
Run Away Together,4
Stormchaser's Talent,4
Bandit's Talent,4
Fell,4
Iridescent Vinelasher,4
Moonstone Harbinger,4
Ruthless Negotiation,4
Stargaze,4
Starscape Cleric,4
Thought-Stalker Warlock,4
Valley Rotcaller,4
Emberheart Challenger,4
Heartfire Hero,4
Hired Claw,4
Manifold Mouse,4
Sunspine Lynx,4
Cache Grab,4
Hazardroot Herbalist,4
Overprotect,4
Lunar Convocation,4
Patchwork Banner,4
Fabled Passage,4
Rockface Village,4
Giant Growth,4
Blossoming Sands,4
Swiftwater Cliffs,4
Ethereal Armor,4
Grand Entryway // Elegant Rotunda,4
Leyline of Hope,4
Optimistic Scavenger,4
Shardmage's Rescue,4
Sheltered by Ghosts,4
Veteran Survivor,4
Enduring Curiosity,4
Floodpits Drowner,4
Murder,4
Nowhere to Run,4
Unholy Annex // Ritual Chamber,4
Unstoppable Slasher,4
Fear of Missing Out,4
Piggy Bank,4
Razorkin Needlehead,4
Scorching Dragonfire,4
Screaming Nemesis,4
Violent Urge,4
Cautious Survivor,4
Flesh Burrower,4
Overlord of the Hauntwoods,4
Patchwork Beastie,4
"Kaito, Bane of Nightmares",4
Wildfire Wickerfolk,4
Floodfarm Verge,4
Gloomlake Verge,4
Terramorphic Expanse,4
Soul Warden,4
Hinterland Sanctifier,4
Firespitter Whelp,4
Banishing Light,4
Dark Confidant,4
Deadly Dispute,4
Eaten Alive,4
Seize the Spoils,4
Llanowar Elves,4
Terramorphic Expanse,4
Fake Your Own Death,4
Go for the Throat,4
Moment of Craving,4
Murder,4
Reassembling Skeleton,4
Vampire Nighthawk,4
Virus Beetle,4
Gearseeker Serpent,4
Opt,4
Spectral Sailor,4
Audacity,4
Bite Down,4
Bushwhack,4
Dwynen's Elite,4
Giant Growth,4
Gnarlid Colony,4
Primeval Bounty,4
Snakeskin Veil,4
Thornweald Archer,4
Gingerbrute,4
Evolving Wilds,4
Ancestral Anger,4
Fanatical Firebrand,4
Firebrand Archer,4
Shock,4
Ajani's Pridemate,4
Angel of Vitality,4
Inspiring Overseer,4
Leonin Vanguard,4
Pacifism,4
Recruitment Officer,4
Savannah Lions,4
Serra Angel,4
Take Up the Shield,4
Youthful Valkyrie,4
"Danitha Capashen, Paragon",4
A-Gnarlid Colony,4
Hinterland Sanctifier,4
Inspiring Overseer,4
Leonin Vanguard,4
Pacifism,4
Opt,4
Quick Study,4
Moment of Craving,4
Skeleton Archer,4
Undying Malice,4
Dragon Fodder,4
Scorching Dragonfire,4
Seize the Spoils,4
Druid of the Cowl,4
Thornweald Archer,4
Armasaur Guide,4
Claws Out,4
Dazzling Angel,4
Exemplar of Light,4
Felidar Savior,4
Fleeting Flight,4
Hare Apparent,4
Helpful Hunter,4
Prideful Parent,4
Skyknight Squire,4
Squad Rallier,4
Sun-Blessed Healer,4
Vanguard Seraph,4
Arcane Epiphany,4
Bigfin Bouncer,4
Faebloom Trick,4
Inspiration from Beyond,4
"Kiora, the Rising Tide",4
Rune-Sealed Wall,4
Skyship Buccaneer,4
Strix Lookout,4
Uncharted Voyage,4
Billowing Shriekmass,4
Bloodthirsty Conqueror,4
Crypt Feaster,4
Gutless Plunderer,4
Hungry Ghoul,4
Infernal Vessel,4
Infestation Sage,4
Revenge of the Rats,4
Sanguine Syphoner,4
Stab,4
Tragic Banshee,4
Vampire Gourmand,4
Vampire Soulcaller,4
Vengeful Bloodwitch,4
Battlesong Berserker,4
Boltwave,4
Bulk Up,4
Courageous Goblin,4
Fiery Annihilation,4
Goblin Boarders,4
Gorehorn Raider,4
"Kellan, Planar Trailblazer",4
Strongbox Raider,4
Beast-Kin Ranger,4
Elfsworn Giant,4
Felling Blow,4
Mossborn Hydra,4
Spinner of Souls,4
Anthem of Champions,4
Dreadwing Scavenger,4
"Elenda, Saint of Dusk",4
Perforating Artist,4
Wardens of the Cycle,4
Quick-Draw Katana,4
Soulstone Sanctuary,4
"Ajani, Caller of the Pride",4
Ajani's Pridemate,4
Authority of the Consuls,4
Banishing Light,4
Healer's Hawk,4
Make Your Move,4
Savannah Lions,4
Serra Angel,4
Stroke of Midnight,4
Youthful Valkyrie,4
Aegis Turtle,4
Essence Scatter,4
Lightshell Duo,4
Mocking Sprite,4
Omniscience,4
Run Away Together,4
Spectral Sailor,4
Tolarian Terror,4
Witness Protection,4
Burglar Rat,4
Diregraf Ghoul,4
Eaten Alive,4
Fake Your Own Death,4
Hero's Downfall,4
Macabre Waltz,4
Marauding Blight-Priest,4
Reassembling Skeleton,4
Rise of the Dark Realms,4
Vampire Nighthawk,4
Zombify,4
Abrade,4
Axgard Cavalry,4
Burst Lightning,4
Fanatical Firebrand,4
Firebrand Archer,4
Firespitter Whelp,4
Frenzied Goblin,4
Heartfire Immolator,4
Hidetsugu's Second Rite,4
Thrill of Possibility,4
Bite Down,4
Blanchwood Armor,4
Broken Wings,4
Bushwhack,4
Dwynen's Elite,4
Genesis Wave,4
Giant Growth,4
Gnarlid Colony,4
Llanowar Elves,4
Mild-Mannered Librarian,4
Nessian Hornbeetle,4
Snakeskin Veil,4
Vivien Reid,4
Wary Thespian,4
"Balmor, Battlemage Captain",4
Empyrean Eagle,4
Good-Fortune Unicorn,4
Heroic Reinforcements,4
"Ruby, Daring Tracker",4
"Tatyova, Benthic Druid",4
Gleaming Barrier,4
Goldvein Pick,4
Meteor Golem,4
Solemn Simulacrum,4
Bloodfell Caves,4
Blossoming Sands,4
Dismal Backwater,4
Evolving Wilds,4
Jungle Hollow,4
Rugged Highlands,4
Scoured Barrens,4
Swiftwater Cliffs,4
Thornwood Falls,4
Tranquil Cove,4
Wind-Scarred Crag,4
Felidar Retreat,4
Unsummon,4
Demonic Pact,4
Duress,4
Pulse Tracker,4
Ghitu Lavarunner,4
Viashino Pyromancer,4
"Fynn, the Fangbearer",4
Gnarlback Rhino,4
Ordeal of Nylea,4
Primeval Bounty,4
Rampaging Baloths,4
Springbloom Druid,4
Dryad Militant,4
Mortify,4
Soul-Guide Lantern,4
Azorius Guildgate,4
Dimir Guildgate,4
Golgari Guildgate,4
Gruul Guildgate,4
Izzet Guildgate,4
Orzhov Guildgate,4
Rakdos Guildgate,4
Selesnya Guildgate,4
Simic Guildgate,4
Angel of Vitality,4
Negate,4
Feed the Swarm,4
A-Gnarlid Colony,4
Essence Scatter,4
Fallaji Archaeologist,4
Zulaport Cutthroat,4
Monastery Swiftspear,4
Audacity,4
Gnarlback Rhino,4
Azorius Guildgate,4
Dimir Guildgate,4
Evolving Wilds,4
Golgari Guildgate,4
Gruul Guildgate,4
Izzet Guildgate,4
Orzhov Guildgate,4
Rakdos Guildgate,4
Selesnya Guildgate,4
Simic Guildgate,4
Brightfield Glider,4
Brightfield Mustang,4
Broadcast Rambler,4
Bulwark Ox,4
Collision Course,4
Daring Mechanic,4
Gallant Strike,4
Gloryheath Lynx,4
Guidelight Synergist,4
Interface Ace,4
Leonin Surveyor,4
Lightshield Parry,4
Lightwheel Enhancements,4
Lotusguard Disciple,4
Nesting Bot,4
Perilous Snare,4
Ride's End,4
Roadside Assistance,4
Spotcycle Scouter,4
"Sundial, Dawn Tyrant",4
Swiftwing Assailant,4
Tune Up,4
Voyager Quickwelder,4
Bounce Off,4
"Caelorna, Coral Tyrant",4
Flood the Engine,4
Gearseeker Serpent,4
Glitch Ghost Surveyor,4
Guidelight Optimizer,4
Howler's Heavy,4
Hulldrifter,4
Keen Buccaneer,4
Memory Guardian,4
Midnight Mangler,4
Mindspring Merfolk,4
Nimble Thopterist,4
Rangers' Refueler,4
Repurposing Bay,4
Sabotage Strategist,4
Scrounging Skyray,4
Skystreak Engineer,4
Spell Pierce,4
Stall Out,4
Stock Up,4
Thopter Fabricator,4
Transit Mage,4
Trip Up,4
"Vnwxt, Verbose Host",4
Waxen Shapethief,4
Ancient Vendetta,4
Back on Track,4
Bloodghast,4
Chitin Gravestalker,4
Deathless Pilot,4
Demonic Junker,4
Engine Rat,4
Gastal Raider,4
"Gonti, Night Minister",4
Grim Bauble,4
Grim Javelineer,4
Hellish Sideswipe,4
Hour of Victory,4
Intimidation Tactics,4
"Kalakscion, Hunger Tyrant",4
Locust Spray,4
Maximum Overdrive,4
Momentum Breaker,4
Mutant Surveyor,4
Pactdoll Terror,4
Quag Feast,4
Ripclaw Wrangler,4
Risen Necroregent,4
Risky Shortcut,4
Spin Out,4
Streaking Oilgorger,4
Syphon Fuel,4
Wreckage Wickerfolk,4
Adrenaline Jockey,4
Burner Rocket,4
Burnout Bashtronaut,4
Clamorous Ironclad,4
Count on Luck,4
Crash and Burn,4
Dynamite Diver,4
Endrider Catalyzer,4
Endrider Spikespitter,4
Fuel the Flames,4
Gastal Blockbuster,4
Gastal Thrillroller,4
Gilded Ghoda,4
Goblin Surveyor,4
Greasewrench Goblin,4
"Hazoret, Godseeker",4
Kickoff Celebrations,4
Lightning Strike,4
Magmakin Artillerist,4
Outpace Oblivion,4
Pacesetter Paragon,4
Pedal to the Metal,4
Prowcatcher Specialist,4
Push the Limit,4
Reckless Velocitaur,4
Spire Mechcycle,4
Thunderhead Gunner,4
Alacrian Jaguar,4
Beastrider Vanguard,4
Bestow Greatness,4
Broken Wings,4
Defend the Rider,4
Earthrumbler,4
Fang-Druid Summoner,4
Hazard of the Dunes,4
Jibbirik Omnivore,4
Loxodon Surveyor,4
Lumbering Worldwagon,4
Migrating Ketradon,4
Pothole Mole,4
Run Over,4
Silken Strength,4
Stampeding Scurryfoot,4
Veloheart Bike,4
Venomsac Lagac,4
Webstrike Elite,4
Brightglass Gearhulk,4
"Caradora, Heart of Alacria",4
Dune Drifter,4
Haunt the Network,4
"Kolodin, Triumph Caster",4
"Mimeoplasm, Revered One",4
Oildeep Gearhulk,4
"Redshift, Rocketeer Chief",4
Skyserpent Seeker,4
Thundering Broodwagon,4
Aetherjacket,4
The Aetherspark,4
Camera Launcher,4
Marketback Walker,4
Monument to Endurance,4
Scrap Compactor,4
Skybox Ferry,4
Starting Column,4
Ticket Tortoise,4
Walking Sarcophagus,4
Wreck Remover,4
Avishkar Raceway,4
Bleachbone Verge,4
Bloodfell Caves,4
Blossoming Sands,4
Dismal Backwater,4
Jungle Hollow,4
Night Market,4
Rocky Roads,4
Rugged Highlands,4
Scoured Barrens,4
Sunbillow Verge,4
Swiftwater Cliffs,4
Thornwood Falls,4
Tranquil Cove,4
Wild Roads,4
Wind-Scarred Crag,4
"Ugin, Eye of the Storms",4
"Anafenza, Unyielding Lineage",4
Arashin Sunshield,4
Bearer of Glory,4
Clarion Conqueror,4
Coordinated Maneuver,4
Dalkovan Packbeasts,4
Dragonback Lancer,4
Duty Beyond Death,4
"Elspeth, Storm Slayer",4
Fortress Kin-Guard,4
Furious Forebear,4
Lightfoot Technique,4
Loxodon Battle Priest,4
Mardu Devotee,4
Osseous Exhale,4
Poised Practitioner,4
Rally the Monastery,4
Rebellious Strike,4
Riling Dawnbreaker,4
Sage of the Skies,4
Salt Road Packbeast,4
Smile at Death,4
Static Snare,4
Stormbeacon Blade,4
Stormplain Detainment,4
Sunpearl Kirin,4
Teeming Dragonstorm,4
Tempest Hawk,4
United Battlefront,4
Voice of Victory,4
Wayspeaker Bodyguard,4
Aegis Sculptor,4
Agent of Kotis,4
Ambling Stormshell,4
Bewildering Blizzard,4
Constrictor Sage,4
Dirgur Island Dragon,4
Dispelling Exhale,4
Dragonologist,4
Focus the Mind,4
Fresh Start,4
Highspire Bell-Ringer,4
Humbling Elder,4
Iceridge Serpent,4
Kishla Trawlers,4
Marang River Regent,4
Naga Fleshcrafter,4
Ringing Strike Mastery,4
Riverwalk Technique,4
Roiling Dragonstorm,4
Sibsig Appraiser,4
Snowmelt Stag,4
Spectral Denial,4
Stillness in Motion,4
"Taigam, Master Opportunist",4
Temur Devotee,4
Unending Whisper,4
Ureni's Rebuff,4
Veteran Ice Climber,4
Wingblade Disciple,4
Wingspan Stride,4
Winternight Stories,4
Abzan Devotee,4
Adorned Crocodile,4
Aggressive Negotiations,4
Alesha's Legacy,4
Avenger of the Fallen,4
Caustic Exhale,4
Cruel Truths,4
Delta Bloodflies,4
Desperate Measures,4
Dragon's Prey,4
Feral Deathgorger,4
Gurmag Rakshasa,4
Hundred-Battle Veteran,4
Kin-Tree Nurturer,4
Krumar Initiate,4
Nightblade Brigade,4
Qarsi Revenant,4
Rot-Curse Rakshasa,4
Salt Road Skirmish,4
Sandskitter Outrider,4
Scavenger Regent,4
The Sibsig Ceremony,4
"Sidisi, Regent of the Mire",4
Sinkhole Surveyor,4
Strategic Betrayal,4
Unburied Earthcarver,4
Venerated Stormsinger,4
Worthy Cost,4
Yathan Tombguard,4
Breaching Dragonstorm,4
Channeled Dragonfire,4
Cori-Steel Cutter,4
Devoted Duelist,4
Dracogenesis,4
Equilibrium Adept,4
Fire-Rim Form,4
Fleeting Effigy,4
Jeskai Devotee,4
Magmatic Hellkite,4
Meticulous Artisan,4
Molten Exhale,4
Narset's Rebuke,4
Overwhelming Surge,4
Rescue Leopard,4
Reverberating Summons,4
"Sarkhan, Dragon Ascendant",4
Seize Opportunity,4
Shock Brigade,4
Shocking Sharpshooter,4
Stadium Headliner,4
Stormscale Scion,4
Stormshriek Feral,4
Summit Intimidator,4
Tersa Lightshatter,4
Twin Bolt,4
Underfoot Underdogs,4
War Effort,4
Wild Ride,4
Zurgo's Vanguard,4
Ainok Wayfarer,4
Attuned Hunter,4
Bloomvine Regent,4
Champion of Dusan,4
Craterhoof Behemoth,4
Dragon Sniper,4
Dragonbroods' Relic,4
Dusyut Earthcarver,4
Encroaching Dragonstorm,4
Formation Breaker,4
Herd Heirloom,4
Heritage Reclamation,4
Inspirited Vanguard,4
Knockout Maneuver,4
Krotiq Nestguard,4
Lasyd Prowler,4
Nature's Rhythm,4
Piercing Exhale,4
Rainveil Rejuvenator,4
Roamer's Routine,4
Sage of the Fang,4
Sagu Pummeler,4
Sagu Wildling,4
Sarkhan's Resolve,4
Snakeskin Veil,4
Sultai Devotee,4
"Surrak, Elusive Hunter",4
Synchronized Charge,4
Trade Route Envoy,4
Traveling Botanist,4
Undergrowth Leopard,4
Warden of the Grove,4
All-Out Assault,4
Armament Dragon,4
Auroral Procession,4
Awaken the Honored Dead,4
Barrensteppe Siege,4
"Betor, Kin to All",4
Bone-Cairn Butcher,4
Call the Spirit Dragons,4
Cori Mountain Stalwart,4
Death Begets Life,4
Disruptive Stormbrood,4
Dragonclaw Strike,4
Effortless Master,4
Eshki Dragonclaw,4
Fangkeeper's Familiar,4
"Felothar, Dawn of the Abzan",4
Flamehold Grappler,4
Frontline Rush,4
Frostcliff Siege,4
Glacial Dragonhunt,4
Glacierwood Siege,4
Gurmag Nightwatch,4
Hardened Tactician,4
Hollowmurk Siege,4
Host of the Hereafter,4
Inevitable Defeat,4
Jeskai Brushmaster,4
Jeskai Revelation,4
Jeskai Shrinekeeper,4
Karakyk Guardian,4
Kheru Goldkeeper,4
Kin-Tree Severance,4
Kishla Skimmer,4
"Kotis, the Fangkeeper",4
Lie in Wait,4
Lotuslight Dancers,4
Mardu Siegebreaker,4
Marshal of the Lost,4
Monastery Messenger,4
"Narset, Jeskai Waymaster",4
"Neriv, Heart of the Storm",4
New Way Forward,4
Purging Stormbrood,4
Rakshasa's Bargain,4
Rediscover the Way,4
Reigning Victor,4
Reputable Merchant,4
Revival of the Ancestors,4
Riverwheel Sweep,4
Roar of Endless Song,4
Runescale Stormbrood,4
Severance Priest,4
"Shiko, Paragon of the Way",4
Skirmish Rhino,4
Songcrafter Mage,4
Stalwart Successor,4
Temur Battlecrier,4
Temur Tawnyback,4
"Teval, Arbiter of Virtue",4
Thunder of Unity,4
"Ureni, the Song Unending",4
Whirlwing Stormbrood,4
Windcrag Siege,4
Yathan Roadwatcher,4
"Zurgo, Thunder's Decree",4
Abzan Monument,4
Boulderborn Dragon,4
Dragonfire Blade,4
Dragonstorm Globe,4
Embermouth Sentinel,4
Jade-Cast Sentinel,4
Jeskai Monument,4
Sultai Monument,4
Temur Monument,4
Watcher of the Wayside,4
Bloodfell Caves,4
Blossoming Sands,4
Cori Mountain Monastery,4
Dalkovan Encampment,4
Dismal Backwater,4
Evolving Wilds,4
Frontier Bivouac,4
Great Arashin City,4
Jungle Hollow,4
Kishla Village,4
Maelstrom of the Spirit Dragon,4
Mistrise Village,4
Mystic Monastery,4
Nomad Outpost,4
Rugged Highlands,4
Scoured Barrens,4
Swiftwater Cliffs,4
Thornwood Falls,4
Tranquil Cove,4
Wind-Scarred Crag,4
Ruinous Ultimatum,4
"Ultima, Origin of Oblivion",4
Adelbert Steiner,4
Aerith Rescue Mission,4
Auron's Inspiration,4
Battle Menu,4
Cloudbound Moogle,4
Coeurl,4
The Crystal's Chosen,4
Delivery Moogle,4
"Dion, Bahamut's Dominant",4
Dragoon's Lance,4
Dwarven Castle Guard,4
Fate of the Sun-Cryst,4
From Father to Son,4
G'raha Tia,4
Gaelicat,4
Machinist's Arsenal,4
Magitek Armor,4
Magitek Infantry,4
Moogles' Valor,4
Paladin's Arms,4
Phoenix Down,4
Restoration Magic,4
Sidequest: Catch a Fish,4
Slash of Light,4
"Stiltzkin, Moogle Merchant",4
Summon: Choco/Mog,4
Summon: Primal Garuda,4
"Venat, Heart of Hydaelyn",4
Weapons Vendor,4
White Auracite,4
White Mage's Staff,4
You're Not Alone,4
Zack Fair,4
Combat Tutorial,4
Dragoon's Wyvern,4
Dreams of Laguna,4
Eject,4
Ether,4
"Gogo, Master of Mimicry",4
Ice Flan,4
Ice Magic,4
Il Mheg Pixie,4
The Lunar Whale,4
Magic Damper,4
"Matoya, Archon Elder",4
Memories Returning,4
The Prima Vista,4
Qiqirn Merchant,4
Relm's Sketching,4
Retrieve the Esper,4
Rook Turret,4
Sage's Nouliths,4
Sahagin,4
Scorpion Sentinel,4
Sidequest: Card Collection,4
Sleep Magic,4
Stolen Uniform,4
Stuck in Summoner's Sanctum,4
Summon: Shiva,4
Swallowed by Leviathan,4
Syncopate,4
"Ultros, Obnoxious Octopus",4
The Water Crystal,4
Ahriman,4
Al Bhed Salvagers,4
"Ardyn, the Usurper",4
Black Mage's Rod,4
"Cecil, Dark Knight",4
Circle of Power,4
Cornered by Black Mages,4
Dark Confidant,4
Dark Knight's Greatsword,4
Evil Reawakened,4
"Fang, Fearless l'Cie",4
Fight On!,4
Gaius van Baelsar,4
Hecteyes,4
"Kain, Traitorous Dragoon",4
Malboro,4
Namazu Trader,4
Ninja's Blades,4
Overkill,4
Poison the Waters,4
Qutrub Forayer,4
Resentful Revelation,4
"Sephiroth, Fabled SOLDIER",4
Sephiroth's Intervention,4
Shambling Cie'th,4
Shinra Reinforcements,4
Sidequest: Hunt the Mark,4
Tonberry,4
Undercity Dire Rat,4
Vayne's Treachery,4
Vincent's Limit Break,4
Zenos yae Galvus,4
"Zodiark, Umbral God",4
Barret Wallace,4
Blazing Bomb,4
Call the Mountain Chocobo,4
Choco-Comet,4
The Fire Crystal,4
Fire Magic,4
"Firion, Wild Rose Warrior",4
Freya Crescent,4
"Gilgamesh, Master-at-Arms",4
Haste Magic,4
Hill Gigas,4
Item Shopkeep,4
Laughing Mad,4
Light of Judgment,4
Mysidian Elder,4
Nibelheim Aflame,4
Opera Love Song,4
"Raubahn, Bull of Ala Mhigo",4
Red Mage's Rapier,4
Sabotender,4
Samurai's Katana,4
Sandworm,4
Seifer Almasy,4
Self-Destruct,4
Summon: G.F. Ifrit,4
Suplex,4
Thunder Magic,4
Unexpected Request,4
"Vaan, Street Thief",4
Warrior's Sword,4
Zell Dincht,4
Airship Crash,4
Balamb T-Rexaur,4
Bard's Bow,4
Bartz and Boko,4
Blitzball Shot,4
Cactuar,4
Chocobo Kick,4
Chocobo Racetrack,4
Clash of the Eikons,4
Coliseum Behemoth,4
Commune with Beavers,4
Diamond Weapon,4
The Earth Crystal,4
Esper Origins,4
Galuf's Final Act,4
Gigantoad,4
Goobbue Gardener,4
Gran Pulse Ochu,4
Gysahl Greens,4
Jumbo Cactuar,4
Loporrit Scout,4
Prishe's Wanderings,4
"Quina, Qu Gourmet",4
Reach the Horizon,4
A Realm Reborn,4
Ride the Shoopuf,4
Rydia's Return,4
Sazh Katzroy,4
Sazh's Chocobo,4
Sidequest: Raise a Chocobo,4
Summon: Fat Chocobo,4
Summon: Fenrir,4
Summoner's Grimoire,4
Tifa Lockhart,4
"Torgal, A Fine Hound",4
Town Greeter,4
Traveling Chocobo,4
"Vanille, Cheerful l'Cie",4
Balthier and Fran,4
Black Waltz No. 3,4
"Choco, Seeker of Paradise",4
"Cid, Timeless Artificer",4
Cloud of Darkness,4
"Emet-Selch, Unsundered",4
The Emperor of Palamecia,4
"Garnet, Princess of Alexandria",4
Hope Estheim,4
Ignis Scientia,4
"Jenova, Ancient Calamity",4
"Joshua, Phoenix's Dominant",4
Judge Magister Gabranth,4
"Kefka, Court Mage",4
"Kuja, Genome Sorcerer",4
Locke Cole,4
"Noctis, Prince of Lucis",4
"Omega, Heartless Evolution",4
Rinoa Heartilly,4
Rufus Shinra,4
Serah Farron,4
"Sin, Spira's Punishment",4
"Tellah, Great Sage",4
"Tidus, Blitzball Star",4
"Ultimecia, Time Sorceress",4
Vivi Ornitier,4
The Wandering Minstrel,4
"Yuna, Hope of Spira",4
Adventurer's Airship,4
Blitzball,4
Elixir,4
Instant Ramen,4
Iron Giant,4
Lion Heart,4
Lunatic Pandora,4
Magic Pot,4
Monk's Fist,4
PuPu UFO,4
Relentless X-ATM092,4
Ring of the Lucii,4
World Map,4
Adventurer's Inn,4
"Balamb Garden, SeeD Academy",4
"Baron, Airship Kingdom",4
Capital City,4
Crossroads Village,4
"Gohn, Town of Ruin",4
The Gold Saucer,4
"Gongaga, Reactor Town",4
"Guadosalam, Farplane Gateway",4
"Insomnia, Crown City",4
"Jidoor, Aristocratic Capital",4
"Rabanastre, Royal City",4
"Sharlayan, Nation of Scholars",4
Starting Town,4
"Treno, Dark City",4
"Vector, Imperial Capital",4
"Windurst, Federation Center",4
"Danitha Capashen, Paragon",4
Stroke of Midnight,4
Brainstorm,4
Deadly Dispute,4
Captain Lannery Storm,4
Light Up the Stage,4
Lightning Bolt,4
Farseek,4
"Fynn, the Fangbearer",4
Dovin's Veto,4
Strixhaven Stadium,4
A-Heartfire Hero,4
"Tezzeret, Cruel Captain",4
Auxiliary Boosters,4
Banishing Light,4
Beyond the Quiet,4
Brightspear Zealot,4
Dockworker Drone,4
Flight-Deck Coordinator,4
Focus Fire,4
"Haliya, Guided by Light",4
Knight Luminary,4
Lumen-Class Frigate,4
Luxknight Breacher,4
Pinnacle Starcage,4
Radiant Strike,4
Rayblade Trooper,4
Seam Rip,4
Squire's Lightblade,4
Starfighter Pilot,4
Starport Security,4
Sunstar Expansionist,4
Weftblade Enhancer,4
Zealous Display,4
Cloudsculpt Technician,4
Cryogen Relic,4
Cryoshatter,4
Divert Disaster,4
Emissary Escort,4
Illvoi Galeblade,4
Illvoi Light Jammer,4
Illvoi Operative,4
Lost in Space,4
Mechanozoa,4
Mental Modulation,4
Moonlit Meditation,4
Nanoform Sentinel,4
Scour for Scrap,4
Selfcraft Mechan,4
Sinister Cryologist,4
Starbreach Whale,4
Starwinder,4
Uthros Scanship,4
Archenemy's Charm,4
Beamsaw Prospector,4
Comet Crawler,4
Dark Endurance,4
Decode Transmissions,4
Depressurize,4
Elegy Acolyte,4
Embrace Oblivion,4
Faller's Faithful,4
Gravblade Heavy,4
Gravkill,4
Gravpack Monoist,4
Hullcarver,4
Insatiable Skittermaw,4
Monoist Sentry,4
Perigee Beckoner,4
"Sothera, the Supervoid",4
Swarm Culler,4
Temporal Intervention,4
Timeline Culler,4
Tragic Trajectory,4
Umbral Collar Zealot,4
Virus Beetle,4
Voidforged Titan,4
Bombard,4
Debris Field Crusher,4
Devastating Onslaught,4
Frontline War-Rager,4
Galvanizing Sawship,4
Invasive Maneuvers,4
Kav Landseeker,4
Kavaron Skywarden,4
Kavaron Turbodrone,4
Melded Moxite,4
Nebula Dragon,4
Orbital Plunge,4
Oreplate Pangolin,4
Plasma Bolt,4
Possibility Technician,4
Red Tiger Mechan,4
Rig for War,4
Slagdrill Scrapper,4
Zookeeper Mechan,4
Atmospheric Greenhouse,4
Biosynthic Burst,4
Blooming Stinger,4
Broodguard Elite,4
Diplomatic Relations,4
Drix Fatemaker,4
Eusocial Engineering,4
Famished Worldsire,4
Fungal Colossus,4
Galactic Wayfarer,4
Germinating Wurm,4
Harmonious Grovestrider,4
Hemosymbic Mite,4
Icecave Crasher,4
Icetill Explorer,4
Intrepid Tenderfoot,4
Meltstrider's Gear,4
Ouroboroid,4
Sami's Curiosity,4
Shattered Wings,4
Skystinger,4
Terrasymbiosis,4
Thawbringer,4
"Tannuk, Memorial Ensign",4
All-Fates Scroll,4
Chrome Companion,4
Nutrient Block,4
Thaumaton Torpedo,4
Virulent Silencer,4
Command Bridge,4
"Terra, Herald of Hope",4
"Cid, Timeless Artificer",4
"Cid, Timeless Artificer",4
"Cid, Timeless Artificer",4
"Cid, Timeless Artificer",4
"Cid, Timeless Artificer",4
"Cid, Timeless Artificer",4
"Cid, Timeless Artificer",4
"Cid, Timeless Artificer",4
"Cid, Timeless Artificer",4
"Cid, Timeless Artificer",4
"Cid, Timeless Artificer",4
"Cid, Timeless Artificer",4
"Cid, Timeless Artificer",4
"Cid, Timeless Artificer",4
Command Tower,4
Command Tower,4
Command Tower,4
Command Tower,4
Zuko's Exile,4
Jeong Jeong's Deserters,4
Kyoshi Warriors,4
Path to Redemption,4
Water Tribe Captain,4
Iguana Parrot,4
Octopus Form,4
Watery Grasp,4
Canyon Crawler,4
Corrupt Court Official,4
Dai Li Indoctrination,4
Deadly Precision,4
Fire Nation Engineer,4
"Joo Dee, One of Many",4
Merchant of Many Hats,4
The Rise of Sozin,4
Sold Out,4
Bumi Bash,4
Deserter's Disciple,4
Fire Nation Raider,4
Fire Sages,4
Iroh's Demonstration,4
Lightning Strike,4
Mongoose Lizard,4
Yuyan Archers,4
Earth Rumble,4
Foggy Swamp Vinebender,4
Kyoshi Island Plaza,4
Leaves from the Vine,4
Rocky Rebuke,4
Saber-Tooth Moose-Lion,4
Shared Roots,4
Earth Rumble Wrestlers,4
Messenger Hawk,4
"Professor Zei, Anthropologist",4
Bender's Waterskin,4
Boiling Rock Prison,4
Foggy Bottom Swamp,4
Misty Palms Oasis,4
Omashu City,4
Authority of the Consuls,4
Rise of the Dark Realms,4
Cultivate,4
Mortify,4
Ruinous Ultimatum,4
Arcane Signet,4
Arcane Signet,4
Arcane Signet,4
Arcane Signet,4
Meteor Golem,4
Solemn Simulacrum,4
Battlefield Forge,4
Evolving Wilds,4
Nomad Outpost,4
Shock,4
City Pigeon,4
Origin of Spider-Man,4
"Starling, Aerial Ally",4
Thwip!,4
Web Up,4
Amazing Acrobatics,4
Doc Ock's Henchmen,4
Unstable Experiment,4
Sandman's Quicksand,4
"Scorpion, Seething Striker",4
Professional Wrestler,4
"Spider-Rex, Daring Dino",4
Supportive Parents,4
Skyward Spider,4
Eerie Gravestone,4
Subway Train,4
Feed the Swarm,4
Shock,4
Thrill of Possibility,4
Brainstorm,4
Changeling Wayfinder,4
"Ajani, Outland Chaperone",4
Appeal to Eirdu,4
Gallant Fowlknight,4
Goldmeadow Nomad,4
Liminal Hold,4
Personify,4
Riverguard's Reflexes,4
Shore Lurker,4
Spiral into Solitude,4
Sun-Dappled Celebrant,4
Timid Shieldbearer,4
Tributary Vaulter,4
Aquitect's Defenses,4
Glamermite,4
Gravelgill Scoundrel,4
Illusion Spinners,4
Kulrath Mystic,4
Lofty Dreams,4
Run Away Together,4
Silvergill Peddler,4
Stratosoarer,4
Summit Sentinel,4
Temporal Cleansing,4
Unexpected Assistance,4
Wanderwine Distracter,4
Wild Unraveling,4
Auntie's Sentence,4
Barbed Bloodletter,4
Bile-Vial Boggart,4
Blight Rot,4
Blighted Blackthorn,4
Boggart Prankster,4
Bogslither's Embrace,4
Creakwood Safewright,4
Darkness Descends,4
Dream Seizer,4
Graveshifter,4
Heirloom Auntie,4
Moonglove Extractor,4
Mornsong Aria,4
Nameless Inversion,4
Nightmare Sower,4
Perfect Intimidation,4
Scarblade Scout,4
Scarblade's Malice,4
Boldwyr Aggressor,4
Boneclub Berserker,4
Brambleback Brute,4
Burning Curiosity,4
Cinder Strike,4
Enraged Flamecaster,4
Feed the Flames,4
Flame-Chain Mauler,4
Flamekin Gildweaver,4
Kulrath Zealot,4
Reckless Ransacking,4
Sear,4
Soulbright Seeker,4
Sting-Slinger,4
Tweeze,4
Warren Torchmaster,4
Assert Perfection,4
Crossroads Watcher,4
Dawn's Light Archer,4
Gilt-Leaf's Embrace,4
Great Forest Druid,4
Midnight Tilling,4
Mistmeadow Council,4
Mutable Explorer,4
Safewright Cavalry,4
Sapling Nursery,4
Surly Farrier,4
Tend the Sprigs,4
Thoughtweft Charge,4
Unforgiving Aim,4
Virulent Emissary,4
Wildvine Pummeler,4
Catharsis,4
Chaos Spewer,4
Chitinous Graspling,4
Deepchannel Duelist,4
Deepway Navigator,4
Eclipsed Boggart,4
Feisty Spikeling,4
Flaring Cinder,4
Gangly Stompling,4
Grub's Command,4
Merrow Skyswimmer,4
Mischievous Sneakling,4
Morcant's Loyalist,4
Prideful Feastling,4
Stoic Grove-Guide,4
Wary Farmer,4
Firdoch Core,4
Foraging Wickermaw,4
Stalactite Dagger,4
Eclipsed Realms,4
Evolving Wilds,4
Feed the Swarm,4
Lightning Bolt,4
Fabled Passage,4
Arcane Signet,4
A-Cori-Steel Cutter,4
Action News Crew,4
"April O'Neil, Kunoichi Trainee",4
Dimensional Exile,4
East Wind Avatar,4
Featherbrained Filcher,4
Grounded for Life,4
Hamato Guardian Stance,4
High-Flying Ace,4
"Jennika, Bad Apple Big Sister",4
"Koya, Death from Above",4
"Leonardo, Big Brother",4
"Leonardo, Leader in Blue",4
"Lita, Little Orphan Amphibian",4
Make Your Move,4
Mighty Mutanimals,4
Prehistoric Pet,4
Quintessential Katana,4
Turtles Forever,4
Uneasy Alliance,4
"April O'Neil, Hacktivist",4
Buzz Bots,4
Crustacean Commando,4
"Donatello, Gadget Master",4
"Donatello, Mutant Mechanic",4
"Donatello, Turtle Techie",4
Donatello's Technique,4
Metalhead,4
Mind Transfer Protocol,4
Negate,4
"Ray Fillet, Man Ray",4
Retro-Mutation,4
Return to the Sewers,4
Sewer-veillance Cam,4
"Stockman, Mad Fly-entist",4
Utrom Scientists,4
Anchovy & Banana Pizza,4
"Armaggon, Future Shark",4
"Bebop, Warthog Warrior",4
Death in the Family,4
Dream Beavers,4
Foot Mystic,4
Insectoid Exterminator,4
"Lord Dregg, Insect Invader",4
"Madame Null, Power Broker",4
"Oroku Saki, Shredder Rising",4
Pain 101,4
"Shredder, Unrelenting",4
Shredder's Armor,4
Shredder's Revenge,4
Shredder's Technique,4
South Wind Avatar,4
"Splinter, Hamato Yoshi",4
Squirrelanoids,4
Stomped by the Foot,4
Tunnel Rats,4
Bot Bashing Time,4
"Casey Jones, Jury-Rig Justiciar",4
"General Traag, Heart of Stone",4
Hard-Won Jitte,4
Improvised Arsenal,4
Manhole Missile,4
Mouser Attack!,4
Mouser Foundry,4
Mutant Town Musicians,4
Null Group Biological Assets,4
Purple Dragon Punks,4
"Raphael, the Nightwatcher",4
"Raphael, Tough Turtle",4
Rock Soldiers,4
Spicy Oatmeal Pizza,4
"Wingnut, Bat on the Belfry",4
"Zog, Triceraton Castaway",4
Cowabunga!,4
Frog Butler,4
Groundchuck & Dirtbag,4
Guac & Marshmallow Pizza,4
"Michelangelo, Game Master",4
"Michelangelo, Mutant BFF",4
Mutant Chain Reaction,4
New Generation's Technique,4
Primordial Pachyderm,4
Ragamuffin Raptor,4
"Rocksteady, Crash Courser",4
Tenderize,4
Transdimensional Bovine,4
"Venus, Torn Between Worlds",4
Zoo Escapees,4
Baxter Stockman,4
Brilliance Unleashed,4
"Don & Leo, Problem Solvers",4
EPF Point Squad,4
Foot Elite,4
Foot Ninjas,4
Genghis Frog,4
Ice Cream Kitty,4
"Karai, Future of the Foot",4
Karai's Technique,4
Lessons from Life,4
Mechanized Ninja Cavalry,4
Mouser Mark III,4
The Neutrinos,4
Nobody,4
"Pizza Face, Gastromancer",4
Punk Frogs,4
Putrid Pals,4
"Raph & Mikey, Troublemakers",4
Slithering Cryptid,4
Tainted Treats,4
"Tokka & Rahzar, Terrible Twos",4
Everything Pizza,4
Henchbots,4
"Krang, Utrom Warlord",4
Omni-Cheese Pizza,4
Skateboard,4
Turtle Blimp,4
Escape Tunnel,4
TCRI Building,4
Turtle Lair,4
Brainstorm,4
Thoughtweft's Call,4
Preponderant Pearl,4
Reflective Rimekin,4
Putrid Hexhag,4
Craterous Stomp,4
Topsoil Turner,4
Volatile Rift,4
Adherent's Heirloom,4
A-Vivi Ornitier,4
Rancorous Archaic,4
Sundering Archaic,4
Ajani's Response,4
Ascendant Dustspeaker,4
Dig Site Inventory,4
Eager Glyphmage,4
Elite Interceptor,4
Graduation Day,4
Group Project,4
Honorbound Page,4
Interjection,4
Owlin Historian,4
Primary Research,4
Quill-Blade Laureate,4
Rapier Wit,4
Rehearsed Debater,4
Shattered Acolyte,4
Stone Docent,4
Summoned Dromedary,4
Banishing Betrayal,4
Campus Composer,4
Deluge Virtuoso,4
Echocasting Symposium,4
Essence Scatter,4
Fractal Anomaly,4
Hydro-Channeler,4
"Jadzi, Steward of Fate",4
Landscape Painter,4
Muse's Encouragement,4
"Orysa, Tide Choreographer",4
Pensive Professor,4
Procrastinate,4
Quick Study,4
Run Behind,4
Spellbook Seeker,4
Textbook Tabulator,4
Adventurous Eater,4
Arcane Omens,4
"Arnyn, Deathbloom Botanist",4
Burrog Banemaker,4
Cheerful Osteomancer,4
Cost of Brilliance,4
Dissection Practice,4
End of the Hunt,4
Eternal Student,4
Forum Necroscribe,4
Last Gasp,4
Lecturing Scornmage,4
Masterful Flourish,4
Melancholic Poet,4
Pox Plague,4
Pull from the Grave,4
Scathing Shadelock,4
Send in the Pest,4
Sneering Shadewriter,4
Ulna Alley Shopkeep,4
Wander Off,4
Ancestral Anger,4
Expressive Firedancer,4
Garrison Excavator,4
Goblin Glasswright,4
Heated Argument,4
Rearing Embermare,4
Rubble Rouser,4
Seize the Spoils,4
Strife Scholar,4
Tackle Artist,4
Tome Blast,4
Zealous Lorecaster,4
Aberrant Manawurm,4
Burrog Barrage,4
Efflorescence,4
Follow the Lumarets,4
Glorious Decay,4
Hungry Graffalon,4
Lumaret's Favor,4
Mindful Biomancer,4
Noxious Newt,4
Oracle's Restoration,4
Pestbrood Sloth,4
Planar Engineering,4
Shopkeeper's Bane,4
Studious First-Year,4
Tenured Concocter,4
Thornfist Striker,4
Wild Hypothesis,4
Colorstorm Stallion,4
Essenceknit Scholar,4
Fractal Mascot,4
Grapple with Death,4
Imperious Inkmage,4
Inkling Mascot,4
Lorehold Charm,4
"Lorehold, the Historian",4
Old-Growth Educator,4
Paradox Surveyor,4
Pest Mascot,4
Practiced Scrollsmith,4
Professor Dellian Fel,4
Pterafractyl,4
Pursue the Past,4
Render Speechless,4
Root Manipulation,4
"Sanar, Unfinished Genius",4
Scolding Administrator,4
Snooping Page,4
Social Snub,4
Spirit Mascot,4
Splatter Technique,4
Stadium Tidalmage,4
Startled Relic Sloth,4
Stirring Honormancer,4
Teacher's Pest,4
Visionary's Dance,4
Wilt in the Heat,4
Witherbloom Charm,4
"Witherbloom, the Balancer",4
Biblioplex Tomekeeper,4
Mage Tower Referee,4
"Page, Loose Leaf",4
Potioner's Trove,4
Strixhaven Skycoach,4
Fields of Strife,4
Skycoach Waypoint,4
Terramorphic Expanse,4
Duty Beyond Death,4
Helping Hand,4
Hop to It,4
Requisition Raid,4
Deduce,4
Disdainful Stroke,4
Sleight of Hand,4
Spell Pierce,4
Stock Up,4
Bitter Triumph,4
Feed the Swarm,4
Locust Spray,4
Stargaze,4
Zombify,4
Abrade,4
Bulk Up,4
Burst Lightning,4
Monstrous Rage,4
Giant Growth,4
Knockout Maneuver,4
Pick Your Poison,4
Royal Treatment,4
Shared Roots,4
Old Thrush,4
Dwarven Provisioner,4
Dwarven Shortsword,4
Esgaroth Garrison,4
Lake-town Lookout,4
Magnificent End,4
Moment of Glory,4
"Ori, Keeper of Songs",4
Thorin's Last Stand,4
Velvetwing Butterflies,4
Vow to Erebor,4
"Bilbo Baggins, Burglar",4
Elvenking's Harper,4
Enchanted River's Grasp,4
"Gandalf, Wandering Wizard",4
Lakeshore Apothecary,4
Lake-town Mariners,4
Long Lake Nuisance,4
Mirkwood Meditator,4
Plunder the Trollshaws,4
Bilbo's Deadly Slice,4
Crude Bent Blade,4
Front Porch Sentries,4
Gathering of Darkness,4
"Gollum, Silent Slinker",4
Rage into the Valley,4
Ravening Warg,4
Reverent Howl,4
Stir Up Trouble,4
Stony-Voiced Goblins,4
"Dori, Bearer of Friends",4
"Gandalf, Spark Starter",4
Glóin the Mighty,4
Goblin-town Flunkies,4
Gundabad Opportunist,4
Iron Hills Stalwart,4
The Misty Mountains Cold,4
Misty Mountains Raider,4
Óin the Brave,4
Pinecone Strike,4
Ragged Short Spear,4
"Smaug, the Great Calamity",4
Snowslope Hunter,4
Tidings of War,4
Attercop,4
"Beorn, Reluctant Host",4
Beorn's Hospitality,4
Boughside Wanderers,4
"Galion, Elvenking's Butler",4
Little Bear,4
Ordinary Bear,4
Quarrel,4
Warg Tactics,4
Wargling,4
Wilderland Scrounger,4
Wood Elves,4
Bard the Bowman,4
Bolg of the North,4
Duskwatch Hunter,4
Eagle's Rescue,4
Goblin Plate Mail,4
Mirkwood Nurturer,4
"Nori, Teller of Tales",4
Patient Instructor,4
"Thranduil, the Elvenking",4
Giant's Boulder,4
Well-Worn Spatula,4
Hobbit Hole,4
Feed the Swarm,4
Arcane Signet,4
Battlefield Forge,4
Command Tower,4
Interdisciplinary Studies,4
Impose Hierarchy,4
Crescendo Conductor,4
Grave Studies,4
Scintillating Encore,4
Feed the Swarm,4
Shock,4
Thrill of Possibility,4
Agent of Atlas,4
Agents of S.H.I.E.L.D.,4
Avengers Assemble!,4
Borough Backup,4
Brave Brawler,4
"Colleen Wing, Street Samurai",4
Crowd of True Believers,4
Helicarrier Strike,4
Hero in Training,4
"Invisible Woman, Sue Storm",4
Kree Commandos,4
Murdock's Crusade,4
"Night Nurse, Healer of Heroes",4
"Okoye, Dora Milaje Leader",4
Panther Pounce,4
"Patriot, Shield Wielder",4
Raft Security Officer,4
"Red Guardian, Super-Soldier",4
S.H.I.E.L.D. Spy Kit,4
Super Villain Lockup,4
Take Up the Shield,4
Wakandan Drone Flock,4
Web Up,4
"White Widow, Free Agent",4
Aerial Doombot,4
A.I.M. Scientists,4
Atlantean Cavalry,4
Atlantis Attacks,4
Bold Biochemist,4
Depower,4
Falcon's Wing Harness,4
Frozen in Ice,4
Futurist Forge,4
Giant-Sized Flying Ant,4
Hydraulic Helper,4
I Am Iron Man,4
"Mister Fantastic, Reed Richards",4
S.H.I.E.L.D. Deployment Drone,4
Super Suit,4
Thirst for Knowledge,4
Trickster's Stratagem,4
We Say Thee Nay!,4
Agents of HYDRA,4
"Arnim Zola, Bio-Fanatic",4
Baron Helmut Zemo,4
Cruel Alliance,4
Decoy Ploy,4
Hour of Defeat,4
HYDRA Infiltration,4
HYDRA Troopers,4
Kingpin's Enforcers,4
"Klaw, Sonic Subjugator",4
The Masters of Evil,4
Ninja of the Hand,4
Project Deathlok Soldier,4
Red Room Recruit,4
"Ronin, Shadow Stalker",4
Roxxon Brutes,4
Stolen Stark Tech,4
Too Evil to Stay Dead,4
Unliving Legionnaire,4
Visions of Villainy,4
"Whiplash, Vengeful Engineer",4
Widow's Bite,4
Blazing Crescendo,4
Crimson Operative,4
Hawkeye's Bow,4
Hire a Crew,4
HULK SMASH!,4
"Human Torch, Johnny Storm",4
HYDRA Assault Robot,4
K'un-Lun Warrior,4
Kree Sentinel,4
Lightning Strike,4
Machinesmith Automaton,4
Repulsor Blast,4
Stark Industries Executive,4
Super Speed,4
Vision of Love,4
Volcanic Villain,4
"Wonder Man, Hollywood Hero",4
Ant-Man's Army,4
Call Damage Control,4
Giant Growth,4
Go Nuts!,4
Guerrilla Gorilla,4
"Hulkling, Burgeoning Bruiser",4
Ka-Zar of the Savage Land,4
Pet Avengers,4
Powerful Broker,4
Rapid Rescue,4
Restorative Technique,4
Savage Land Dinosaur,4
Serpent Specialist,4
Super Strength,4
The Unbeatable Squirrel Girl,4
Undercover Skrull,4
Wakandan Royal Guard,4
World War Hulk,4
"Abomination, Terrifying Titan",4
"Bullseye, Death Dealer",4
"Iron Man, Master of Machines",4
The Kingpin of Crime,4
The Serpent Society,4
"Spider-Woman, Secret Agent",4
Vision Quest,4
A.I.M. Synthoids,4
Captain America's Shield,4
Dependable Quinjet,4
"Ultron, Artificial Malevolence",4
Ultron Drone,4
Vibranium Energy Daggers,4
The Vision,4
Hidden Lair,4
Surveillance Room,4
Simulacrum Synthesizer,4
Three Steps Ahead,4
Deadly Dispute,4
Monstrous Rage,4
Anthem of Champions,4
"Iron Man, Futurist Paragon",4
"Hulk, Always Angry",4
"Thor, Guardian of Midgard",4
"Black Widow, Intel Expert",4
"Captain America, Unbowed",4
"Hawkeye, Trick Shot",4
"Ultron, Machine Overlord",4
"Thanos, Death's Consort",4
"M.O.D.O.K., Evil Intellect",4
Absorbing Man and Titania,4
"Abomination, Irradiated Brute",4
"Loki, God of Lies",4
"Ant-Man, Scott Lang",4
"Captain America, Steve Rogers",4
Captain's Defense,4
"The Falcon, Sam Wilson",4
"Hawkeye, Clint Barton",4
Hawkeye's Shot,4
Iconic Shield,4
Mandroid Squadron,4
"Mockingbird, Bobbi Morse",4
Soldier On,4
"The Wasp, Janet Van Dyne",4
"Winter Soldier, Bucky Barnes",4
A.I.M. Bot,4
Repulsor Bots,4
Stark's Ingenuity,4
Glamorous Grapplers,4
"Madame Hydra, Reanimated",4
"Minotaur, Roxxon CEO",4
"Black Widow, Natasha Romanoff",4
Concentrated Fire,4
Furious Strength,4
"Happy Hogan, Dauntless Driver",4
"Hulk, Bruce Banner",4
The Immortal Weapons,4
"Iron Man, Tony Stark",4
"Quicksilver, Pietro Maximoff",4
Repulsor Rays,4
"Scarlet Witch, Wanda Maximoff",4
"She-Hulk, Jennifer Walters",4
Smashing Spree,4
"Spider-Man, Hometown Hero",4
Feral Ferocity,4
Flora Colossus,4
Gamma Grotesque,4
Warriors of Wakanda,4
Team Transmitter,4
City Pigeon,4
"Starling, Aerial Ally",4
Thwip!,4
Doc Ock's Henchmen,4
Unstable Experiment,4
Deadly Dispute,4
Lightning Bolt,4
Shock,4
Farseek,4
"Spider-Rex, Daring Dino",4
Eerie Gravestone,4
Terramorphic Expanse,4
"Black Panther, Claws of Bast",4
"Iron Man, Modern Marvel",4
"Black Widow, Daring Operative",4
"Hulk, Brutal Brawler",4
Banishing Light,4
Elvish Mystic,4
